,Date,NTD/USD
0,20100104,31.898000000000003
1,20100105,31.86
2,20100106,31.875
3,20100107,31.877
4,20100108,31.88
5,20100111,31.78
6,20100112,31.79
7,20100113,31.809
8,20100114,31.755
9,20100115,31.828000000000003
10,20100118,31.79
11,20100119,31.8
12,20100120,31.99
13,20100121,31.919
14,20100122,31.98
15,20100125,31.97
16,20100126,32.055
17,20100127,32.08
18,20100128,31.999000000000002
19,20100129,31.99
20,20100201,32.101
21,20100202,32.06
22,20100203,32.0
23,20100204,32.02
24,20100205,32.187
25,20100206,32.184
26,20100208,32.195
27,20100209,32.1
28,20100210,32.066
29,20100211,32.045
30,20100212,32.1
31,20100222,32.099000000000004
32,20100223,32.05
33,20100224,32.09
34,20100225,32.12
35,20100226,32.085
36,20100301,32.048
37,20100302,32.039
38,20100303,32.004
39,20100304,31.988000000000003
40,20100305,32.02
41,20100308,31.89
42,20100309,31.85
43,20100310,31.846999999999998
44,20100311,31.846999999999998
45,20100312,31.84
46,20100315,31.82
47,20100316,31.82
48,20100317,31.747
49,20100318,31.825
50,20100319,31.799
51,20100322,31.886
52,20100323,31.85
53,20100324,31.845
54,20100325,31.88
55,20100326,31.88
56,20100329,31.815
57,20100330,31.81
58,20100331,31.819000000000003
59,20100401,31.788
60,20100402,31.759
61,20100406,31.695
62,20100407,31.628
63,20100408,31.701
64,20100409,31.615
65,20100412,31.56
66,20100413,31.58
67,20100414,31.46
68,20100415,31.375
69,20100416,31.39
70,20100419,31.491999999999997
71,20100420,31.447
72,20100421,31.388
73,20100422,31.398000000000003
74,20100423,31.46
75,20100426,31.359
76,20100427,31.412
77,20100428,31.539
78,20100429,31.45
79,20100430,31.418000000000003
80,20100503,31.519000000000002
81,20100504,31.46
82,20100505,31.6
83,20100506,31.749000000000002
84,20100507,31.85
85,20100510,31.6
86,20100511,31.829
87,20100512,31.893
88,20100513,31.778000000000002
89,20100514,31.848000000000003
90,20100517,32.1
91,20100518,31.978
92,20100519,32.098
93,20100520,32.175
94,20100521,32.25
95,20100524,32.175
96,20100525,32.385
97,20100526,32.345
98,20100527,32.187
99,20100528,32.175
100,20100531,32.225
101,20100601,32.418
102,20100602,32.315
103,20100603,32.275
104,20100604,32.35
105,20100607,32.528
106,20100608,32.51
107,20100609,32.52
108,20100610,32.49
109,20100611,32.439
110,20100614,32.351
111,20100615,32.338
112,20100617,32.31
113,20100618,32.19
114,20100621,31.999000000000002
115,20100622,32.094
116,20100623,32.189
117,20100624,32.216
118,20100625,32.18
119,20100628,32.175
120,20100629,32.279
121,20100630,32.278
122,20100701,32.297
123,20100702,32.278
124,20100705,32.22
125,20100706,32.2
126,20100707,32.22
127,20100708,32.185
128,20100709,32.125
129,20100712,32.25
130,20100713,32.3
131,20100714,32.192
132,20100715,32.187
133,20100716,32.143
134,20100719,32.155
135,20100720,32.155
136,20100721,32.15
137,20100722,32.19
138,20100723,32.152
139,20100726,32.12
140,20100727,32.09
141,20100728,32.07
142,20100729,32.068000000000005
143,20100730,32.05
144,20100802,31.868000000000002
145,20100803,31.85
146,20100804,31.87
147,20100805,31.85
148,20100806,31.819000000000003
149,20100809,31.781999999999996
150,20100810,31.855
151,20100811,31.88
152,20100812,31.99
153,20100813,31.96
154,20100816,32.01
155,20100817,31.97
156,20100818,31.965999999999998
157,20100819,31.93
158,20100820,31.935
159,20100823,31.968000000000004
160,20100824,32.08
161,20100825,32.055
162,20100826,32.037
163,20100827,32.03
164,20100830,32.06
165,20100831,32.102
166,20100901,32.075
167,20100902,32.04
168,20100903,32.018
169,20100906,31.948
170,20100907,32.016
171,20100908,31.979
172,20100909,31.939
173,20100910,31.91
174,20100913,31.85
175,20100914,31.815
176,20100915,31.798000000000002
177,20100916,31.8
178,20100917,31.739
179,20100920,31.752
180,20100921,31.765
181,20100923,31.6
182,20100924,31.62
183,20100927,31.47
184,20100928,31.5
185,20100929,31.38
186,20100930,31.33
187,20101001,31.31
188,20101004,31.25
189,20101005,31.252
190,20101006,31.131999999999998
191,20101007,31.041999999999998
192,20101008,31.095
193,20101011,30.998
194,20101012,31.07
195,20101013,30.96
196,20101014,30.77
197,20101015,30.793000000000003
198,20101018,30.885
199,20101019,30.9
200,20101020,30.93
201,20101021,30.869
202,20101022,30.91
203,20101025,30.73
204,20101026,30.76
205,20101027,30.9
206,20101028,30.824
207,20101029,30.781999999999996
208,20101101,30.695
209,20101102,30.709
210,20101103,30.65
211,20101104,30.59
212,20101105,30.56
213,20101108,30.636
214,20101109,30.63
215,20101110,30.6
216,20101111,30.531999999999996
217,20101112,30.761999999999997
218,20101115,30.732
219,20101116,30.732
220,20101117,30.793000000000003
221,20101118,30.733
222,20101119,30.673000000000002
223,20101122,30.628
224,20101123,30.799
225,20101124,30.8
226,20101125,30.8
227,20101126,30.83
228,20101129,30.8
229,20101130,30.85
230,20101201,30.851999999999997
231,20101202,30.788
232,20101203,30.745
233,20101206,30.625
234,20101207,30.63
235,20101208,30.706
236,20101209,30.555
237,20101210,30.585
238,20101213,30.6
239,20101214,30.45
240,20101215,30.5
241,20101216,30.545
242,20101217,30.51
243,20101220,30.601
244,20101221,30.6
245,20101222,30.605
246,20101223,30.485
247,20101224,30.485
248,20101227,30.425
249,20101228,30.396
250,20101229,30.366999999999997
251,20101230,30.217
252,20101231,30.368000000000002
253,20110103,30.2
254,20110104,30.201
255,20110105,30.211
256,20110106,30.101
257,20110107,29.8
258,20110110,29.8
259,20110111,29.7
260,20110112,29.6
261,20110113,29.605
262,20110114,29.6
263,20110117,29.5
264,20110118,29.45
265,20110119,29.45
266,20110120,29.46
267,20110121,29.42
268,20110124,29.32
269,20110125,29.29
270,20110126,29.3
271,20110127,29.31
272,20110128,29.28
273,20110131,29.3
274,20110201,29.2
275,20110208,29.16
276,20110209,29.1
277,20110210,29.12
278,20110211,29.23
279,20110214,29.329
280,20110215,29.469
281,20110216,29.47
282,20110217,29.432
283,20110218,29.408
284,20110221,29.366
285,20110222,29.557
286,20110223,29.572
287,20110224,29.76
288,20110225,29.754
289,20110301,29.66
290,20110302,29.665
291,20110303,29.541999999999998
292,20110304,29.462
293,20110307,29.426
294,20110308,29.436999999999998
295,20110309,29.395
296,20110310,29.506
297,20110311,29.599
298,20110314,29.509
299,20110315,29.559
300,20110316,29.555999999999997
301,20110317,29.574
302,20110318,29.6
303,20110321,29.572
304,20110322,29.541999999999998
305,20110323,29.585
306,20110324,29.583000000000002
307,20110325,29.488000000000003
308,20110328,29.499000000000002
309,20110329,29.476999999999997
310,20110330,29.51
311,20110331,29.418000000000003
312,20110401,29.32
313,20110406,29.15
314,20110407,29.05
315,20110408,28.991
316,20110411,28.991999999999997
317,20110412,29.112
318,20110413,29.089000000000002
319,20110414,29.041
320,20110415,29.05
321,20110418,29.089000000000002
322,20110419,29.125
323,20110420,29.025
324,20110421,28.926
325,20110422,28.93
326,20110425,28.93
327,20110426,28.939
328,20110427,28.9
329,20110428,28.76
330,20110429,28.761999999999997
331,20110503,28.701999999999998
332,20110504,28.67
333,20110505,28.631999999999998
334,20110506,28.778000000000002
335,20110509,28.75
336,20110510,28.725
337,20110511,28.65
338,20110512,28.793000000000003
339,20110513,28.788
340,20110516,28.888
341,20110517,28.865
342,20110518,28.85
343,20110519,28.851999999999997
344,20110520,28.78
345,20110523,29.009
346,20110524,28.93
347,20110525,29.009
348,20110526,28.945
349,20110527,28.888
350,20110530,28.83
351,20110531,28.772
352,20110601,28.7
353,20110602,28.785
354,20110603,28.75
355,20110607,28.735
356,20110608,28.72
357,20110609,28.78
358,20110610,28.835
359,20110613,28.892
360,20110614,28.85
361,20110615,28.86
362,20110616,29.005
363,20110617,29.0
364,20110620,29.0
365,20110621,28.949
366,20110622,28.879
367,20110623,28.936
368,20110624,28.962
369,20110627,29.01
370,20110628,28.962
371,20110629,28.92
372,20110630,28.802
373,20110701,28.78
374,20110704,28.752
375,20110705,28.801
376,20110706,28.851
377,20110707,28.86
378,20110708,28.795
379,20110711,28.866
380,20110712,28.998
381,20110713,28.9
382,20110714,28.839000000000002
383,20110715,28.897
384,20110718,28.96
385,20110719,28.92
386,20110720,28.87
387,20110721,28.89
388,20110722,28.83
389,20110725,28.859
390,20110726,28.829
391,20110727,28.802
392,20110728,28.845
393,20110729,28.89
394,20110801,28.838
395,20110802,28.88
396,20110803,28.938000000000002
397,20110804,28.951999999999998
398,20110805,29.025
399,20110808,29.025
400,20110809,29.05
401,20110810,29.01
402,20110811,29.06
403,20110812,29.009
404,20110815,28.951999999999998
405,20110816,28.948
406,20110817,28.962
407,20110818,28.99
408,20110819,29.076
409,20110822,29.02
410,20110823,28.99
411,20110824,29.025
412,20110825,29.041
413,20110826,29.06
414,20110829,29.039
415,20110830,29.035
416,20110831,29.02
417,20110901,28.96
418,20110902,29.025
419,20110905,29.070999999999998
420,20110906,29.112
421,20110907,29.115
422,20110908,29.15
423,20110909,29.221
424,20110913,29.487
425,20110914,29.625
426,20110915,29.635
427,20110916,29.584
428,20110919,29.78
429,20110920,29.888
430,20110921,29.95
431,20110922,30.372
432,20110923,30.388
433,20110926,30.572
434,20110927,30.456
435,20110928,30.41
436,20110929,30.44
437,20110930,30.506
438,20111003,30.587
439,20111004,30.68
440,20111005,30.631999999999998
441,20111006,30.612
442,20111007,30.493000000000002
443,20111011,30.348000000000003
444,20111012,30.4
445,20111013,30.329
446,20111014,30.3
447,20111017,30.1
448,20111018,30.201
449,20111019,30.1
450,20111020,30.269000000000002
451,20111021,30.299
452,20111024,30.133000000000003
453,20111025,30.125
454,20111026,30.125
455,20111027,30.063000000000002
456,20111028,29.869
457,20111031,29.93
458,20111101,30.086
459,20111102,30.118000000000002
460,20111103,30.22
461,20111104,30.025
462,20111107,30.108
463,20111108,30.105999999999998
464,20111109,30.066
465,20111110,30.261999999999997
466,20111111,30.188000000000002
467,20111114,30.165
468,20111115,30.21
469,20111116,30.23
470,20111117,30.21
471,20111118,30.256999999999998
472,20111121,30.26
473,20111122,30.309
474,20111123,30.395
475,20111124,30.441999999999997
476,20111125,30.46
477,20111128,30.451999999999998
478,20111129,30.412
479,20111130,30.345
480,20111201,30.146
481,20111202,30.16
482,20111205,30.182
483,20111206,30.225
484,20111207,30.168000000000003
485,20111208,30.179000000000002
486,20111209,30.239
487,20111212,30.23
488,20111213,30.26
489,20111214,30.29
490,20111215,30.37
491,20111216,30.369
492,20111219,30.398000000000003
493,20111220,30.353
494,20111221,30.285
495,20111222,30.325
496,20111223,30.296
497,20111226,30.308000000000003
498,20111227,30.311999999999998
499,20111228,30.31
500,20111229,30.29
501,20111230,30.29
502,20120102,30.315
503,20120103,30.294
504,20120104,30.29
505,20120105,30.266
506,20120106,30.245
507,20120109,30.205
508,20120110,30.051
509,20120111,29.999000000000002
510,20120112,30.002
511,20120113,30.0
512,20120116,30.07
513,20120117,29.995
514,20120118,29.978
515,20120119,29.941
516,20120120,29.99
517,20120130,29.785999999999998
518,20120131,29.62
519,20120201,29.695
520,20120202,29.55
521,20120203,29.545
522,20120204,29.525
523,20120206,29.6
524,20120207,29.57
525,20120208,29.53
526,20120209,29.495
527,20120210,29.56
528,20120213,29.535
529,20120214,29.595
530,20120215,29.535
531,20120216,29.635
532,20120217,29.583000000000002
533,20120220,29.554000000000002
534,20120221,29.568
535,20120222,29.581999999999997
536,20120223,29.596
537,20120224,29.581999999999997
538,20120229,29.42
539,20120301,29.487
540,20120302,29.461
541,20120303,29.464000000000002
542,20120305,29.518
543,20120306,29.538
544,20120307,29.565
545,20120308,29.526999999999997
546,20120309,29.504
547,20120312,29.561999999999998
548,20120313,29.528000000000002
549,20120314,29.56
550,20120315,29.57
551,20120316,29.561999999999998
552,20120319,29.531999999999996
553,20120320,29.558000000000003
554,20120321,29.576
555,20120322,29.574
556,20120323,29.585
557,20120326,29.622
558,20120327,29.584
559,20120328,29.57
560,20120329,29.581999999999997
561,20120330,29.53
562,20120402,29.506
563,20120403,29.48
564,20120405,29.519000000000002
565,20120406,29.561999999999998
566,20120409,29.568
567,20120410,29.57
568,20120411,29.561999999999998
569,20120412,29.55
570,20120413,29.528000000000002
571,20120416,29.564
572,20120417,29.541999999999998
573,20120418,29.546
574,20120419,29.531999999999996
575,20120420,29.521
576,20120423,29.524
577,20120424,29.526
578,20120425,29.514
579,20120426,29.412
580,20120427,29.331999999999997
581,20120430,29.232
582,20120502,29.24
583,20120503,29.266
584,20120504,29.28
585,20120507,29.381999999999998
586,20120508,29.37
587,20120509,29.4
588,20120510,29.395
589,20120511,29.41
590,20120514,29.502
591,20120515,29.514
592,20120516,29.635
593,20120517,29.56
594,20120518,29.63
595,20120521,29.578000000000003
596,20120522,29.546
597,20120523,29.586
598,20120524,29.645
599,20120525,29.65
600,20120528,29.65
601,20120529,29.645
602,20120530,29.761999999999997
603,20120531,29.86
604,20120601,29.930999999999997
605,20120604,30.05
606,20120605,30.0
607,20120606,29.935
608,20120607,29.906
609,20120608,29.976
610,20120611,29.92
611,20120612,29.991
612,20120613,29.98
613,20120614,29.954
614,20120615,29.930999999999997
615,20120618,29.886
616,20120619,29.89
617,20120620,29.878
618,20120621,29.901999999999997
619,20120622,29.968000000000004
620,20120625,29.995
621,20120626,29.99
622,20120627,29.96
623,20120628,29.956
624,20120629,29.9
625,20120702,29.905
626,20120703,29.886
627,20120704,29.866
628,20120705,29.89
629,20120706,29.921999999999997
630,20120709,29.975
631,20120710,29.985
632,20120711,29.974
633,20120712,30.013
634,20120713,30.015
635,20120716,30.01
636,20120717,29.988000000000003
637,20120718,30.002
638,20120719,29.984
639,20120720,29.995
640,20120723,30.095
641,20120724,30.116
642,20120725,30.206
643,20120726,30.15
644,20120727,30.1
645,20120730,30.08
646,20120731,30.01
647,20120801,29.988000000000003
648,20120803,30.002
649,20120806,29.96
650,20120807,29.955
651,20120808,29.987
652,20120809,29.94
653,20120810,29.99
654,20120813,30.005
655,20120814,29.965
656,20120815,30.002
657,20120816,30.02
658,20120817,30.025
659,20120820,30.03
660,20120821,29.975
661,20120822,30.01
662,20120823,29.96
663,20120824,30.002
664,20120827,29.98
665,20120828,30.006999999999998
666,20120829,29.980999999999998
667,20120830,29.986
668,20120831,29.965999999999998
669,20120903,29.92
670,20120904,29.901999999999997
671,20120905,29.905
672,20120906,29.901999999999997
673,20120907,29.842
674,20120910,29.74
675,20120911,29.715
676,20120912,29.669
677,20120913,29.699
678,20120914,29.469
679,20120917,29.399
680,20120918,29.46
681,20120919,29.405
682,20120920,29.508000000000003
683,20120921,29.45
684,20120924,29.479
685,20120925,29.451
686,20120926,29.497
687,20120927,29.42
688,20120928,29.342
689,20121001,29.401999999999997
690,20121002,29.385
691,20121003,29.405
692,20121004,29.388
693,20121005,29.368000000000002
694,20121008,29.401999999999997
695,20121009,29.399
696,20121011,29.432
697,20121012,29.36
698,20121015,29.345
699,20121016,29.289
700,20121017,29.246
701,20121018,29.269000000000002
702,20121019,29.285999999999998
703,20121022,29.32
704,20121023,29.328000000000003
705,20121024,29.342
706,20121025,29.28
707,20121026,29.3
708,20121029,29.291999999999998
709,20121030,29.278000000000002
710,20121031,29.26
711,20121101,29.29
712,20121102,29.3
713,20121105,29.305
714,20121106,29.275
715,20121107,29.2
716,20121108,29.201999999999998
717,20121109,29.15
718,20121112,29.09
719,20121113,29.129
720,20121114,29.125
721,20121115,29.142
722,20121116,29.272
723,20121119,29.201999999999998
724,20121120,29.145
725,20121121,29.179000000000002
726,20121122,29.185
727,20121123,29.171
728,20121126,29.143
729,20121127,29.129
730,20121128,29.175
731,20121129,29.147
732,20121130,29.116
733,20121203,29.121
734,20121204,29.116
735,20121205,29.101999999999997
736,20121206,29.136
737,20121207,29.125
738,20121210,29.15
739,20121211,29.122
740,20121212,29.108
741,20121213,29.101
742,20121214,29.101999999999997
743,20121217,29.1
744,20121218,29.1
745,20121219,29.101999999999997
746,20121220,29.12
747,20121221,29.122
748,20121222,29.12
749,20121224,29.128
750,20121225,29.13
751,20121226,29.128
752,20121227,29.125999999999998
753,20121228,29.136
754,20130102,29.09
755,20130103,29.090999999999998
756,20130104,29.125
757,20130107,29.125
758,20130108,29.127
759,20130109,29.11
760,20130110,29.088
761,20130111,29.039
762,20130114,29.058000000000003
763,20130115,29.055999999999997
764,20130116,29.099
765,20130117,29.085
766,20130118,29.06
767,20130121,29.07
768,20130122,29.095
769,20130123,29.092
770,20130124,29.138
771,20130125,29.25
772,20130128,29.56
773,20130129,29.559
774,20130130,29.57
775,20130131,29.581999999999997
776,20130201,29.668000000000003
777,20130204,29.58
778,20130205,29.585
779,20130206,29.622
780,20130207,29.63
781,20130208,29.75
782,20130218,29.709
783,20130219,29.686
784,20130220,29.6
785,20130221,29.68
786,20130222,29.658
787,20130223,29.658
788,20130225,29.701999999999998
789,20130226,29.74
790,20130227,29.705
791,20130301,29.666
792,20130304,29.77
793,20130305,29.72
794,20130306,29.67
795,20130307,29.695
796,20130308,29.718000000000004
797,20130311,29.74
798,20130312,29.73
799,20130313,29.735
800,20130314,29.8
801,20130315,29.761999999999997
802,20130318,29.815
803,20130319,29.801
804,20130320,29.845
805,20130321,29.853
806,20130322,29.909000000000002
807,20130325,29.889
808,20130326,29.891
809,20130327,29.941
810,20130328,29.94
811,20130329,29.875
812,20130401,29.928
813,20130402,29.92
814,20130403,29.925
815,20130408,30.06
816,20130409,30.05
817,20130410,29.998
818,20130411,29.98
819,20130412,29.995
820,20130415,29.927
821,20130416,29.928
822,20130417,29.9
823,20130418,29.91
824,20130419,29.84
825,20130422,29.87
826,20130423,29.872
827,20130424,29.831999999999997
828,20130425,29.75
829,20130426,29.705
830,20130429,29.605999999999998
831,20130430,29.616
832,20130502,29.636
833,20130503,29.61
834,20130506,29.625999999999998
835,20130507,29.59
836,20130508,29.5
837,20130509,29.51
838,20130510,29.8
839,20130513,29.92
840,20130514,29.906
841,20130515,30.028000000000002
842,20130516,30.05
843,20130517,30.06
844,20130520,30.03
845,20130521,29.941999999999997
846,20130522,29.96
847,20130523,30.025
848,20130524,30.03
849,20130527,29.971
850,20130528,30.057
851,20130529,30.12
852,20130530,30.125
853,20130531,30.06
854,20130603,30.07
855,20130604,30.02
856,20130605,29.91
857,20130606,29.915
858,20130607,29.871
859,20130610,30.066
860,20130611,30.16
861,20130613,30.162
862,20130614,29.97
863,20130617,29.971999999999998
864,20130618,30.002
865,20130619,29.96
866,20130620,30.16
867,20130621,30.28
868,20130624,30.35
869,20130625,30.26
870,20130626,30.25
871,20130627,30.191
872,20130628,30.12
873,20130701,30.115
874,20130702,30.12
875,20130703,30.302
876,20130704,30.199
877,20130705,30.218000000000004
878,20130708,30.342
879,20130709,30.12
880,20130710,30.085
881,20130711,29.951999999999998
882,20130712,29.932
883,20130715,29.951999999999998
884,20130716,29.878
885,20130717,29.925
886,20130718,30.025
887,20130719,29.978
888,20130722,29.935
889,20130723,29.92
890,20130724,29.941999999999997
891,20130725,29.978
892,20130726,29.95
893,20130729,29.96
894,20130730,30.005
895,20130731,30.12
896,20130801,30.125
897,20130802,30.129
898,20130805,29.95
899,20130806,29.995
900,20130807,30.025
901,20130808,29.96
902,20130809,29.955
903,20130812,29.98
904,20130813,30.002
905,20130814,30.031999999999996
906,20130815,30.035
907,20130816,30.002
908,20130819,30.031999999999996
909,20130820,30.092
910,20130822,30.127
911,20130823,30.053
912,20130826,30.015
913,20130827,30.06
914,20130828,30.05
915,20130829,30.011999999999997
916,20130830,29.983
917,20130902,29.9
918,20130903,29.92
919,20130904,29.885
920,20130905,29.985
921,20130906,29.9
922,20130909,29.825
923,20130910,29.76
924,20130911,29.828000000000003
925,20130912,29.783
926,20130913,29.842
927,20130914,29.842
928,20130916,29.721
929,20130917,29.76
930,20130918,29.752
931,20130923,29.629
932,20130924,29.631999999999998
933,20130925,29.69
934,20130926,29.673000000000002
935,20130927,29.656
936,20130930,29.67
937,20131001,29.615
938,20131002,29.61
939,20131003,29.531999999999996
940,20131004,29.502
941,20131007,29.535999999999998
942,20131008,29.541999999999998
943,20131009,29.548000000000002
944,20131011,29.49
945,20131014,29.495
946,20131015,29.445
947,20131016,29.46
948,20131017,29.451999999999998
949,20131018,29.445999999999998
950,20131021,29.482
951,20131022,29.465999999999998
952,20131023,29.425
953,20131024,29.451999999999998
954,20131025,29.455
955,20131028,29.46
956,20131029,29.471999999999998
957,20131030,29.475
958,20131031,29.455
959,20131101,29.47
960,20131104,29.506
961,20131105,29.465999999999998
962,20131106,29.48
963,20131107,29.485
964,20131108,29.505
965,20131111,29.625
966,20131112,29.636
967,20131113,29.65
968,20131114,29.605999999999998
969,20131115,29.62
970,20131118,29.58
971,20131119,29.531999999999996
972,20131120,29.572
973,20131121,29.636
974,20131122,29.645
975,20131125,29.675
976,20131126,29.651999999999997
977,20131127,29.671999999999997
978,20131128,29.68
979,20131129,29.679000000000002
980,20131202,29.636
981,20131203,29.701999999999998
982,20131204,29.691999999999997
983,20131205,29.69
984,20131206,29.665
985,20131209,29.63
986,20131210,29.635
987,20131211,29.64
988,20131212,29.66
989,20131213,29.689
990,20131216,29.706
991,20131217,29.715999999999998
992,20131218,29.745
993,20131219,29.945
994,20131220,29.98
995,20131223,30.009
996,20131224,30.039
997,20131225,30.046999999999997
998,20131226,30.06
999,20131227,30.025
1000,20131230,30.03
1001,20131231,29.95
1002,20140102,29.979
1003,20140103,30.039
1004,20140106,30.235
1005,20140107,30.315
1006,20140108,30.24
1007,20140109,30.252
1008,20140110,30.212
1009,20140113,30.112
1010,20140114,30.159000000000002
1011,20140115,30.236
1012,20140116,30.256
1013,20140117,30.221
1014,20140120,30.256
1015,20140121,30.29
1016,20140122,30.32
1017,20140123,30.41
1018,20140124,30.42
1019,20140127,30.511
1020,20140128,30.451
1021,20140129,30.375999999999998
1022,20140205,30.42
1023,20140206,30.429000000000002
1024,20140207,30.406
1025,20140210,30.38
1026,20140211,30.406
1027,20140212,30.346
1028,20140213,30.408
1029,20140214,30.346999999999998
1030,20140217,30.285
1031,20140218,30.339000000000002
1032,20140219,30.331999999999997
1033,20140220,30.392
1034,20140221,30.395
1035,20140224,30.425
1036,20140225,30.401999999999997
1037,20140226,30.35
1038,20140227,30.355
1039,20140303,30.369
1040,20140304,30.38
1041,20140305,30.351999999999997
1042,20140306,30.323
1043,20140307,30.302
1044,20140310,30.325
1045,20140311,30.305
1046,20140312,30.375
1047,20140313,30.351999999999997
1048,20140314,30.381
1049,20140317,30.351999999999997
1050,20140318,30.386
1051,20140319,30.436999999999998
1052,20140320,30.589000000000002
1053,20140321,30.651999999999997
1054,20140324,30.622
1055,20140325,30.619
1056,20140326,30.605
1057,20140327,30.581999999999997
1058,20140328,30.552
1059,20140331,30.51
1060,20140401,30.435
1061,20140402,30.375
1062,20140403,30.38
1063,20140407,30.32
1064,20140408,30.27
1065,20140409,30.162
1066,20140410,30.13
1067,20140411,30.131999999999998
1068,20140414,30.233
1069,20140415,30.235
1070,20140416,30.201
1071,20140417,30.221
1072,20140418,30.23
1073,20140421,30.268
1074,20140422,30.303
1075,20140423,30.326
1076,20140424,30.305999999999997
1077,20140425,30.32
1078,20140428,30.285
1079,20140429,30.25
1080,20140430,30.258000000000003
1081,20140502,30.212
1082,20140505,30.171
1083,20140506,30.176
1084,20140507,30.165
1085,20140508,30.166999999999998
1086,20140509,30.175
1087,20140512,30.191999999999997
1088,20140513,30.212
1089,20140514,30.22
1090,20140515,30.203000000000003
1091,20140516,30.208000000000002
1092,20140519,30.185
1093,20140520,30.201999999999998
1094,20140521,30.215999999999998
1095,20140522,30.178
1096,20140523,30.18
1097,20140526,30.16
1098,20140527,30.171
1099,20140528,30.151
1100,20140529,30.128
1101,20140530,30.05
1102,20140603,30.064
1103,20140604,30.101999999999997
1104,20140605,30.088
1105,20140606,30.08
1106,20140609,30.048000000000002
1107,20140610,30.05
1108,20140611,30.039
1109,20140612,30.045
1110,20140613,30.053
1111,20140616,30.061
1112,20140617,30.066
1113,20140618,30.070999999999998
1114,20140619,30.035999999999998
1115,20140620,30.065
1116,20140623,30.039
1117,20140624,30.031
1118,20140625,30.051
1119,20140626,29.991999999999997
1120,20140627,29.962
1121,20140630,29.915
1122,20140701,29.935
1123,20140702,29.905
1124,20140703,29.935
1125,20140704,29.936999999999998
1126,20140707,29.96
1127,20140708,29.97
1128,20140709,29.962
1129,20140710,29.945
1130,20140711,29.99
1131,20140714,30.000999999999998
1132,20140715,30.041999999999998
1133,20140716,30.072
1134,20140717,30.046
1135,20140718,30.051
1136,20140721,30.037
1137,20140722,30.035
1138,20140724,30.052
1139,20140725,30.035
1140,20140728,30.037
1141,20140729,30.005
1142,20140730,30.01
1143,20140731,30.04
1144,20140801,30.069000000000003
1145,20140804,30.04
1146,20140805,30.045
1147,20140806,30.055999999999997
1148,20140807,30.061
1149,20140808,30.066
1150,20140811,30.052
1151,20140812,30.06
1152,20140813,30.065
1153,20140814,30.045
1154,20140815,30.035
1155,20140818,30.04
1156,20140819,30.041999999999998
1157,20140820,30.046999999999997
1158,20140821,30.052
1159,20140822,30.02
1160,20140825,30.028000000000002
1161,20140826,30.026
1162,20140827,29.985
1163,20140828,29.965
1164,20140829,29.97
1165,20140901,29.968000000000004
1166,20140902,29.978
1167,20140903,29.986
1168,20140904,29.971999999999998
1169,20140905,30.002
1170,20140909,30.005
1171,20140910,30.025
1172,20140911,30.06
1173,20140912,30.068
1174,20140915,30.105999999999998
1175,20140916,30.16
1176,20140917,30.134
1177,20140918,30.256
1178,20140919,30.258000000000003
1179,20140922,30.229
1180,20140923,30.24
1181,20140924,30.248
1182,20140925,30.31
1183,20140926,30.311999999999998
1184,20140929,30.502
1185,20140930,30.436
1186,20141001,30.491999999999997
1187,20141002,30.46
1188,20141003,30.436999999999998
1189,20141006,30.503
1190,20141007,30.453000000000003
1191,20141008,30.505
1192,20141009,30.43
1193,20141013,30.45
1194,20141014,30.43
1195,20141015,30.42
1196,20141016,30.41
1197,20141017,30.421
1198,20141020,30.415
1199,20141021,30.401
1200,20141022,30.393
1201,20141023,30.405
1202,20141024,30.413
1203,20141027,30.403000000000002
1204,20141028,30.398000000000003
1205,20141029,30.375999999999998
1206,20141030,30.401999999999997
1207,20141031,30.478
1208,20141103,30.488000000000003
1209,20141104,30.538
1210,20141105,30.601999999999997
1211,20141106,30.605
1212,20141107,30.715999999999998
1213,20141110,30.605999999999998
1214,20141111,30.717
1215,20141112,30.75
1216,20141113,30.752
1217,20141114,30.766
1218,20141117,30.739
1219,20141118,30.775
1220,20141119,30.875999999999998
1221,20141120,31.015
1222,20141121,31.005
1223,20141124,31.01
1224,20141125,30.965999999999998
1225,20141126,30.951999999999998
1226,20141127,30.951
1227,20141128,31.039
1228,20141201,31.139
1229,20141202,31.105999999999998
1230,20141203,31.166999999999998
1231,20141204,31.197
1232,20141205,31.191999999999997
1233,20141208,31.285
1234,20141209,31.29
1235,20141210,31.26
1236,20141211,31.261999999999997
1237,20141212,31.326
1238,20141215,31.342
1239,20141216,31.326999999999998
1240,20141217,31.357
1241,20141218,31.45
1242,20141219,31.471999999999998
1243,20141222,31.586
1244,20141223,31.765
1245,20141224,31.815
1246,20141225,31.753
1247,20141226,31.75
1248,20141227,31.75
1249,20141229,31.761
1250,20141230,31.766
1251,20141231,31.718000000000004
1252,20150105,32.005
1253,20150106,31.996
1254,20150107,32.001
1255,20150108,32.006
1256,20150109,31.936
1257,20150112,31.855999999999998
1258,20150113,31.862
1259,20150114,31.831999999999997
1260,20150115,31.785999999999998
1261,20150116,31.645
1262,20150119,31.552
1263,20150120,31.695999999999998
1264,20150121,31.553
1265,20150122,31.51
1266,20150123,31.432
1267,20150126,31.339000000000002
1268,20150127,31.325
1269,20150128,31.328000000000003
1270,20150129,31.511999999999997
1271,20150130,31.555
1272,20150202,31.685
1273,20150203,31.623
1274,20150204,31.473000000000003
1275,20150205,31.535
1276,20150206,31.49
1277,20150209,31.56
1278,20150210,31.502
1279,20150211,31.564
1280,20150212,31.63
1281,20150213,31.475
1282,20150216,31.6
1283,20150217,31.638
1284,20150224,31.688000000000002
1285,20150225,31.531999999999996
1286,20150226,31.503
1287,20150302,31.568
1288,20150303,31.508000000000003
1289,20150304,31.48
1290,20150305,31.506999999999998
1291,20150306,31.45
1292,20150309,31.52
1293,20150310,31.566
1294,20150311,31.666
1295,20150312,31.67
1296,20150313,31.71
1297,20150316,31.712
1298,20150317,31.666999999999998
1299,20150318,31.65
1300,20150319,31.502
1301,20150320,31.548000000000002
1302,20150323,31.503
1303,20150324,31.383000000000003
1304,20150325,31.401
1305,20150326,31.405
1306,20150327,31.375
1307,20150330,31.38
1308,20150331,31.401
1309,20150401,31.362
1310,20150402,31.303
1311,20150407,31.151999999999997
1312,20150408,31.226
1313,20150409,31.230999999999998
1314,20150410,31.24
1315,20150413,31.342
1316,20150414,31.311999999999998
1317,20150415,31.33
1318,20150416,31.253
1319,20150417,31.162
1320,20150420,31.101999999999997
1321,20150421,31.173000000000002
1322,20150422,31.113000000000003
1323,20150423,31.131
1324,20150424,31.051
1325,20150427,30.861
1326,20150428,30.831
1327,20150429,30.695
1328,20150430,30.752
1329,20150504,30.776
1330,20150505,30.781
1331,20150506,30.753
1332,20150507,30.803
1333,20150508,30.765
1334,20150511,30.78
1335,20150512,30.81
1336,20150513,30.78
1337,20150514,30.680999999999997
1338,20150515,30.612
1339,20150518,30.61
1340,20150519,30.64
1341,20150520,30.682
1342,20150521,30.65
1343,20150522,30.541
1344,20150525,30.570999999999998
1345,20150526,30.708000000000002
1346,20150527,30.725
1347,20150528,30.801
1348,20150529,30.871
1349,20150601,30.932
1350,20150602,31.002
1351,20150603,30.921999999999997
1352,20150604,31.061999999999998
1353,20150605,31.031999999999996
1354,20150608,31.275
1355,20150609,31.302
1356,20150610,31.156
1357,20150611,31.162
1358,20150612,31.226
1359,20150615,31.256
1360,20150616,31.266
1361,20150617,31.261
1362,20150618,31.061999999999998
1363,20150622,30.97
1364,20150623,31.002
1365,20150624,31.052
1366,20150625,31.052
1367,20150626,31.131999999999998
1368,20150629,31.178
1369,20150630,31.07
1370,20150701,31.1
1371,20150702,31.15
1372,20150703,31.12
1373,20150706,31.15
1374,20150707,31.162
1375,20150708,31.225
1376,20150709,31.23
1377,20150713,31.2
1378,20150714,31.302
1379,20150715,31.272
1380,20150716,31.31
1381,20150717,31.311999999999998
1382,20150720,31.342
1383,20150721,31.406999999999996
1384,20150722,31.351999999999997
1385,20150723,31.451999999999998
1386,20150724,31.53
1387,20150727,31.56
1388,20150728,31.575
1389,20150729,31.523000000000003
1390,20150730,31.601
1391,20150731,31.682
1392,20150803,31.705
1393,20150804,31.726
1394,20150805,31.75
1395,20150806,31.755
1396,20150807,31.77
1397,20150810,31.76
1398,20150811,32.08
1399,20150812,32.465
1400,20150813,32.366
1401,20150814,32.368
1402,20150817,32.621
1403,20150818,32.653
1404,20150819,32.668
1405,20150820,32.678000000000004
1406,20150821,32.876
1407,20150824,32.96
1408,20150825,32.879
1409,20150826,32.765
1410,20150827,32.77
1411,20150828,32.772
1412,20150831,32.81
1413,20150901,32.68
1414,20150902,32.762
1415,20150903,32.801
1416,20150904,32.833
1417,20150907,32.935
1418,20150908,33.003
1419,20150909,32.775
1420,20150910,32.856
1421,20150911,32.71
1422,20150914,32.72
1423,20150915,32.786
1424,20150916,32.762
1425,20150917,32.662
1426,20150918,32.663000000000004
1427,20150921,32.939
1428,20150922,32.971
1429,20150923,33.25
1430,20150924,33.26
1431,20150925,33.292
1432,20150930,33.128
1433,20151001,33.08
1434,20151002,33.156
1435,20151005,33.001999999999995
1436,20151006,32.937
1437,20151007,32.872
1438,20151008,32.85
1439,20151012,32.56
1440,20151013,32.739000000000004
1441,20151014,32.742
1442,20151015,32.457
1443,20151016,32.505
1444,20151019,32.418
1445,20151020,32.51
1446,20151021,32.558
1447,20151022,32.658
1448,20151023,32.513000000000005
1449,20151026,32.708
1450,20151027,32.676
1451,20151028,32.686
1452,20151029,32.856
1453,20151030,32.802
1454,20151102,32.721
1455,20151103,32.625
1456,20151104,32.595
1457,20151105,32.718
1458,20151106,32.73
1459,20151109,32.832
1460,20151110,32.85
1461,20151111,32.852
1462,20151112,32.9
1463,20151113,32.908
1464,20151116,33.022
1465,20151117,32.975
1466,20151118,33.007
1467,20151119,32.86
1468,20151120,32.73
1469,20151123,32.778
1470,20151124,32.746
1471,20151125,32.647
1472,20151126,32.701
1473,20151127,32.815
1474,20151130,32.83
1475,20151201,32.832
1476,20151202,32.903
1477,20151203,32.935
1478,20151204,32.821999999999996
1479,20151207,32.936
1480,20151208,33.037
1481,20151209,33.047
1482,20151210,33.015
1483,20151211,32.965
1484,20151214,33.066
1485,20151215,33.025999999999996
1486,20151216,32.95
1487,20151217,33.035
1488,20151218,33.117
1489,20151221,33.085
1490,20151222,33.09
1491,20151223,33.1
1492,20151224,33.001999999999995
1493,20151225,33.005
1494,20151228,33.02
1495,20151229,33.035
1496,20151230,33.05
1497,20151231,33.066
1498,20160104,33.236
1499,20160105,33.27
1500,20160106,33.453
1501,20160107,33.53
1502,20160108,33.501
1503,20160111,33.650999999999996
1504,20160112,33.667
1505,20160113,33.625
1506,20160114,33.742
1507,20160115,33.802
1508,20160118,33.818000000000005
1509,20160119,33.82
1510,20160120,33.826
1511,20160121,33.838
1512,20160122,33.705
1513,20160125,33.622
1514,20160126,33.725
1515,20160127,33.71
1516,20160128,33.743
1517,20160129,33.6
1518,20160130,33.65
1519,20160201,33.67
1520,20160202,33.68
1521,20160203,33.808
1522,20160204,33.608000000000004
1523,20160205,33.52
1524,20160215,33.421
1525,20160216,33.453
1526,20160217,33.505
1527,20160218,33.525
1528,20160219,33.561
1529,20160222,33.567
1530,20160223,33.485
1531,20160224,33.49
1532,20160225,33.496
1533,20160226,33.492
1534,20160301,33.436
1535,20160302,33.37
1536,20160303,33.179
1537,20160304,33.101
1538,20160307,33.01
1539,20160308,33.062
1540,20160309,33.225
1541,20160310,33.08
1542,20160311,32.95
1543,20160314,32.87
1544,20160315,32.918
1545,20160316,32.95
1546,20160317,32.705999999999996
1547,20160318,32.52
1548,20160321,32.545
1549,20160322,32.525
1550,20160323,32.625
1551,20160324,32.726
1552,20160325,32.766
1553,20160328,32.72
1554,20160329,32.695
1555,20160330,32.425
1556,20160331,32.282
1557,20160401,32.378
1558,20160406,32.442
1559,20160407,32.402
1560,20160408,32.45
1561,20160411,32.388000000000005
1562,20160412,32.382
1563,20160413,32.35
1564,20160414,32.436
1565,20160415,32.348
1566,20160418,32.402
1567,20160419,32.265
1568,20160420,32.248000000000005
1569,20160421,32.296
1570,20160422,32.33
1571,20160425,32.361
1572,20160426,32.363
1573,20160427,32.345
1574,20160428,32.279
1575,20160429,32.281
1576,20160501,32.205
1577,20160502,32.356
1578,20160503,32.376999999999995
1579,20160504,32.412
1580,20160509,32.417
1581,20160510,32.533
1582,20160511,32.528
1583,20160512,32.542
1584,20160513,32.626
1585,20160516,32.705
1586,20160517,32.63
1587,20160518,32.705
1588,20160519,32.802
1589,20160520,32.751999999999995
1590,20160523,32.656
1591,20160524,32.72
1592,20160525,32.652
1593,20160526,32.576
1594,20160527,32.528
1595,20160530,32.68
1596,20160531,32.63
1597,20160601,32.622
1598,20160602,32.611999999999995
1599,20160603,32.605
1600,20160604,32.506
1601,20160606,32.402
1602,20160607,32.339
1603,20160608,32.225
1604,20160613,32.435
1605,20160614,32.423
1606,20160615,32.441
1607,20160616,32.391
1608,20160617,32.385
1609,20160620,32.256
1610,20160621,32.258
1611,20160622,32.221
1612,20160623,32.19
1613,20160624,32.501999999999995
1614,20160627,32.533
1615,20160628,32.435
1616,20160629,32.343
1617,20160630,32.286
1618,20160701,32.218
1619,20160704,32.208
1620,20160705,32.282
1621,20160706,32.407
1622,20160707,32.306
1623,20160711,32.215
1624,20160712,32.22
1625,20160713,32.183
1626,20160714,32.073
1627,20160715,31.99
1628,20160718,32.024
1629,20160719,31.991
1630,20160720,32.051
1631,20160721,32.06
1632,20160722,32.07
1633,20160725,32.14
1634,20160726,32.106
1635,20160727,32.068000000000005
1636,20160728,31.955
1637,20160729,31.926
1638,20160801,31.64
1639,20160802,31.68
1640,20160803,31.75
1641,20160804,31.71
1642,20160805,31.57
1643,20160808,31.511999999999997
1644,20160809,31.455
1645,20160810,31.225
1646,20160811,31.326
1647,20160812,31.403000000000002
1648,20160815,31.37
1649,20160816,31.28
1650,20160817,31.451999999999998
1651,20160818,31.41
1652,20160819,31.618000000000002
1653,20160822,31.82
1654,20160823,31.706
1655,20160824,31.772
1656,20160825,31.67
1657,20160826,31.671999999999997
1658,20160829,31.801
1659,20160830,31.72
1660,20160831,31.726
1661,20160901,31.736
1662,20160902,31.703000000000003
1663,20160905,31.506
1664,20160906,31.412
1665,20160907,31.24
1666,20160908,31.285999999999998
1667,20160909,31.51
1668,20160910,31.552
1669,20160912,31.715999999999998
1670,20160913,31.706
1671,20160914,31.689
1672,20160919,31.45
1673,20160920,31.366999999999997
1674,20160921,31.43
1675,20160922,31.4
1676,20160923,31.33
1677,20160926,31.432
1678,20160929,31.355999999999998
1679,20160930,31.366
1680,20161003,31.33
1681,20161004,31.346999999999998
1682,20161005,31.371
1683,20161006,31.403000000000002
1684,20161007,31.48
1685,20161011,31.613000000000003
1686,20161012,31.629
1687,20161013,31.76
1688,20161014,31.671999999999997
1689,20161017,31.77
1690,20161018,31.669
1691,20161019,31.518
1692,20161020,31.53
1693,20161021,31.63
1694,20161024,31.683000000000003
1695,20161025,31.616
1696,20161026,31.558000000000003
1697,20161027,31.636999999999997
1698,20161028,31.639
1699,20161031,31.58
1700,20161101,31.568
1701,20161102,31.564
1702,20161103,31.468000000000004
1703,20161104,31.473000000000003
1704,20161107,31.519000000000002
1705,20161108,31.506999999999998
1706,20161109,31.459
1707,20161110,31.589000000000002
1708,20161111,31.801
1709,20161114,31.949
1710,20161115,31.87
1711,20161116,31.848000000000003
1712,20161117,31.868000000000002
1713,20161118,32.01
1714,20161121,32.0
1715,20161122,31.945
1716,20161123,31.88
1717,20161124,31.927
1718,20161125,31.941999999999997
1719,20161128,31.802
1720,20161129,31.818
1721,20161130,31.89
1722,20161201,31.892
1723,20161202,31.923000000000002
1724,20161205,31.995
1725,20161206,31.951999999999998
1726,20161207,31.901999999999997
1727,20161208,31.752
1728,20161209,31.86
1729,20161212,31.864
1730,20161213,31.822
1731,20161214,31.803
1732,20161215,31.923000000000002
1733,20161216,31.967
1734,20161219,31.97
1735,20161220,32.005
1736,20161221,32.02
1737,20161222,32.03
1738,20161223,32.17
1739,20161226,32.25
1740,20161227,32.281
1741,20161228,32.309
1742,20161229,32.312
1743,20161230,32.279
1744,20170103,32.245
1745,20170104,32.26
1746,20170105,31.962
1747,20170106,31.993000000000002
1748,20170109,32.106
1749,20170110,31.948
1750,20170111,31.935
1751,20170112,31.78
1752,20170113,31.601999999999997
1753,20170116,31.701999999999998
1754,20170117,31.603
1755,20170118,31.586
1756,20170119,31.623
1757,20170120,31.533
1758,20170123,31.430999999999997
1759,20170124,31.381999999999998
1760,20170125,31.331999999999997
1761,20170126,31.36
1762,20170202,31.101
1763,20170203,31.05
1764,20170206,30.943
1765,20170207,31.048000000000002
1766,20170208,31.128
1767,20170209,31.046
1768,20170210,31.051
1769,20170213,31.03
1770,20170214,30.868000000000002
1771,20170215,30.765
1772,20170216,30.791999999999998
1773,20170217,30.776
1774,20170218,30.796
1775,20170220,30.804000000000002
1776,20170221,30.793000000000003
1777,20170222,30.779
1778,20170223,30.745
1779,20170224,30.65
1780,20170301,30.76
1781,20170302,30.795
1782,20170303,31.02
1783,20170306,30.982
1784,20170307,30.85
1785,20170308,30.865
1786,20170309,31.02
1787,20170310,31.035999999999998
1788,20170313,30.916
1789,20170314,30.965999999999998
1790,20170315,30.84
1791,20170316,30.656999999999996
1792,20170317,30.625999999999998
1793,20170320,30.526999999999997
1794,20170321,30.458000000000002
1795,20170322,30.503
1796,20170323,30.488000000000003
1797,20170324,30.488000000000003
1798,20170327,30.25
1799,20170328,30.17
1800,20170329,30.285
1801,20170330,30.315
1802,20170331,30.336
1803,20170405,30.381
1804,20170406,30.56
1805,20170407,30.601
1806,20170410,30.651999999999997
1807,20170411,30.65
1808,20170412,30.555999999999997
1809,20170413,30.325
1810,20170414,30.4
1811,20170417,30.35
1812,20170418,30.406
1813,20170419,30.418000000000003
1814,20170420,30.408
1815,20170421,30.363000000000003
1816,20170424,30.272
1817,20170425,30.151999999999997
1818,20170426,30.151
1819,20170427,30.156
1820,20170428,30.218000000000004
1821,20170502,30.061999999999998
1822,20170503,30.072
1823,20170504,30.14
1824,20170505,30.182
1825,20170508,30.166
1826,20170509,30.258000000000003
1827,20170510,30.266
1828,20170511,30.215
1829,20170512,30.201
1830,20170515,30.158
1831,20170516,30.115
1832,20170517,30.14
1833,20170518,30.225
1834,20170519,30.21
1835,20170522,30.052
1836,20170523,30.166
1837,20170524,30.183000000000003
1838,20170525,30.084
1839,20170526,30.122
1840,20170531,30.101999999999997
1841,20170601,30.116999999999997
1842,20170602,30.116999999999997
1843,20170603,30.127
1844,20170605,30.09
1845,20170606,30.093000000000004
1846,20170607,30.095
1847,20170608,30.105
1848,20170609,30.108
1849,20170612,30.176
1850,20170613,30.226999999999997
1851,20170614,30.23
1852,20170615,30.247
1853,20170616,30.381
1854,20170619,30.361
1855,20170620,30.401
1856,20170621,30.471
1857,20170622,30.441999999999997
1858,20170623,30.4
1859,20170626,30.335
1860,20170627,30.340999999999998
1861,20170628,30.438000000000002
1862,20170629,30.37
1863,20170630,30.436
1864,20170703,30.428
1865,20170704,30.528000000000002
1866,20170705,30.509
1867,20170706,30.601
1868,20170707,30.61
1869,20170710,30.585
1870,20170711,30.593000000000004
1871,20170712,30.49
1872,20170713,30.385
1873,20170714,30.416999999999998
1874,20170717,30.419
1875,20170718,30.37
1876,20170719,30.397
1877,20170720,30.456999999999997
1878,20170721,30.451
1879,20170724,30.359
1880,20170725,30.36
1881,20170726,30.401999999999997
1882,20170727,30.252
1883,20170728,30.302
1884,20170731,30.226999999999997
1885,20170801,30.256
1886,20170802,30.252
1887,20170803,30.226999999999997
1888,20170804,30.22
1889,20170807,30.234
1890,20170808,30.201
1891,20170809,30.218000000000004
1892,20170810,30.309
1893,20170811,30.358
1894,20170814,30.302
1895,20170815,30.316999999999997
1896,20170816,30.365
1897,20170817,30.311999999999998
1898,20170818,30.331999999999997
1899,20170821,30.328000000000003
1900,20170822,30.3
1901,20170823,30.29
1902,20170824,30.265
1903,20170825,30.25
1904,20170828,30.162
1905,20170829,30.2
1906,20170830,30.156
1907,20170831,30.203000000000003
1908,20170901,31.741999999999997
1909,20170904,30.101
1910,20170905,30.07
1911,20170906,30.105
1912,20170907,30.061999999999998
1913,20170908,30.006
1914,20170911,30.026
1915,20170912,30.03
1916,20170913,30.055999999999997
1917,20170914,30.105999999999998
1918,20170915,30.075
1919,20170918,30.108
1920,20170919,30.136999999999997
1921,20170920,30.131999999999998
1922,20170921,30.208000000000002
1923,20170922,30.191
1924,20170925,30.171999999999997
1925,20170926,30.215999999999998
1926,20170927,30.303
1927,20170928,30.405
1928,20170929,30.336
1929,20170930,30.305
1930,20171002,30.413
1931,20171003,30.45
1932,20171005,30.35
1933,20171006,30.375999999999998
1934,20171011,30.232
1935,20171012,30.213
1936,20171013,30.185
1937,20171016,30.158
1938,20171017,30.205
1939,20171018,30.2
1940,20171019,30.23
1941,20171020,30.241
1942,20171023,30.261999999999997
1943,20171024,30.27
1944,20171025,30.266
1945,20171026,30.229
1946,20171027,30.276999999999997
1947,20171030,30.205
1948,20171031,30.17
1949,20171101,30.175
1950,20171102,30.186
1951,20171103,30.171999999999997
1952,20171106,30.204
1953,20171107,30.17
1954,20171108,30.186999999999998
1955,20171109,30.18
1956,20171110,30.171999999999997
1957,20171113,30.19
1958,20171114,30.18
1959,20171115,30.15
1960,20171116,30.158
1961,20171117,30.101
1962,20171120,30.101999999999997
1963,20171121,30.06
1964,20171122,30.02
1965,20171123,30.006999999999998
1966,20171124,30.01
1967,20171127,30.006
1968,20171128,30.000999999999998
1969,20171129,29.99
1970,20171130,30.01
1971,20171201,30.028000000000002
1972,20171204,30.035999999999998
1973,20171205,29.993000000000002
1974,20171206,30.01
1975,20171207,30.025
1976,20171208,30.015
1977,20171211,30.018
1978,20171212,30.018
1979,20171213,30.026
1980,20171214,30.006
1981,20171215,29.991999999999997
1982,20171218,30.006
1983,20171219,29.99
1984,20171220,29.99
1985,20171221,29.988000000000003
1986,20171222,29.968000000000004
1987,20171225,29.968000000000004
1988,20171226,29.945
1989,20171227,29.94
1990,20171228,29.84
1991,20171229,29.848000000000003
1992,20180102,29.628
1993,20180103,29.6
1994,20180104,29.59
1995,20180105,29.523000000000003
1996,20180108,29.523000000000003
1997,20180109,29.535999999999998
1998,20180110,29.601
1999,20180111,29.605
2000,20180112,29.6
2001,20180115,29.541999999999998
2002,20180116,29.555
2003,20180117,29.56
2004,20180118,29.561999999999998
2005,20180119,29.43
2006,20180122,29.432
2007,20180123,29.401999999999997
2008,20180124,29.302
2009,20180125,29.069000000000003
2010,20180126,29.101
2011,20180129,29.15
2012,20180130,29.24
2013,20180131,29.15
2014,20180201,29.206999999999997
2015,20180202,29.235
2016,20180205,29.307
2017,20180206,29.386
2018,20180207,29.27
2019,20180208,29.39
2020,20180209,29.406999999999996
2021,20180212,29.4
2022,20180213,29.358
2023,20180214,29.342
2024,20180221,29.245
2025,20180222,29.301
2026,20180223,29.305999999999997
2027,20180226,29.235
2028,20180227,29.23
2029,20180301,29.318
2030,20180302,29.29
2031,20180305,29.291999999999998
2032,20180306,29.287
2033,20180307,29.254
2034,20180308,29.261
2035,20180309,29.3
2036,20180312,29.28
2037,20180313,29.252
2038,20180314,29.256999999999998
2039,20180315,29.2
2040,20180316,29.230999999999998
2041,20180319,29.201
2042,20180320,29.175
2043,20180321,29.189
2044,20180322,29.153000000000002
2045,20180323,29.17
2046,20180326,29.153000000000002
2047,20180327,29.135
2048,20180328,29.163
2049,20180329,29.165
2050,20180330,29.12
2051,20180331,29.12
2052,20180402,29.142
2053,20180403,29.148000000000003
2054,20180409,29.209
2055,20180410,29.19
2056,20180411,29.201
2057,20180412,29.26
2058,20180413,29.302
2059,20180416,29.425
2060,20180417,29.362
2061,20180418,29.366
2062,20180419,29.34
2063,20180420,29.406999999999996
2064,20180423,29.528000000000002
2065,20180424,29.616
2066,20180425,29.66
2067,20180426,29.705
2068,20180427,29.636
2069,20180430,29.605
2070,20180502,29.758000000000003
2071,20180503,29.741999999999997
2072,20180504,29.715999999999998
2073,20180507,29.763
2074,20180508,29.783
2075,20180509,29.928
2076,20180510,29.872
2077,20180511,29.773000000000003
2078,20180514,29.741999999999997
2079,20180515,29.848000000000003
2080,20180516,29.892
2081,20180517,29.906
2082,20180518,29.912
2083,20180521,29.991999999999997
2084,20180522,29.921999999999997
2085,20180523,29.96
2086,20180524,29.93
2087,20180525,29.945
2088,20180528,29.928
2089,20180529,29.988000000000003
2090,20180530,30.05
2091,20180531,29.98
2092,20180601,29.864
2093,20180604,29.82
2094,20180605,29.815
2095,20180606,29.738000000000003
2096,20180607,29.74
2097,20180608,29.816
2098,20180611,29.820999999999998
2099,20180612,29.86
2100,20180613,29.89
2101,20180614,29.938000000000002
2102,20180615,30.002
2103,20180619,30.186
2104,20180620,30.17
2105,20180621,30.302
2106,20180622,30.307
2107,20180625,30.403000000000002
2108,20180626,30.412
2109,20180627,30.454
2110,20180628,30.586
2111,20180629,30.5
2112,20180702,30.523000000000003
2113,20180703,30.586
2114,20180704,30.500999999999998
2115,20180705,30.54
2116,20180706,30.5
2117,20180709,30.386
2118,20180710,30.403000000000002
2119,20180711,30.480999999999998
2120,20180712,30.541999999999998
2121,20180713,30.555999999999997
2122,20180716,30.575
2123,20180717,30.516
2124,20180718,30.581999999999997
2125,20180719,30.631999999999998
2126,20180720,30.715999999999998
2127,20180723,30.645
2128,20180724,30.72
2129,20180725,30.631999999999998
2130,20180726,30.573
2131,20180727,30.592
2132,20180730,30.609
2133,20180731,30.614
2134,20180801,30.616
2135,20180802,30.682
2136,20180803,30.706
2137,20180806,30.63
2138,20180807,30.621
2139,20180808,30.616
2140,20180809,30.625999999999998
2141,20180810,30.708000000000002
2142,20180813,30.811999999999998
2143,20180814,30.807
2144,20180815,30.858
2145,20180816,30.845
2146,20180817,30.802
2147,20180820,30.76
2148,20180821,30.73
2149,20180822,30.73
2150,20180823,30.79
2151,20180824,30.783
2152,20180827,30.772
2153,20180828,30.724
2154,20180829,30.706
2155,20180830,30.711
2156,20180831,30.730999999999998
2157,20180903,30.712
2158,20180904,30.766
2159,20180905,30.805999999999997
2160,20180906,30.802
2161,20180907,30.776
2162,20180910,30.83
2163,20180911,30.814
2164,20180912,30.825
2165,20180913,30.805
2166,20180914,30.76
2167,20180917,30.805
2168,20180918,30.813000000000002
2169,20180919,30.793000000000003
2170,20180920,30.795
2171,20180921,30.715999999999998
2172,20180925,30.675
2173,20180926,30.697
2174,20180927,30.601999999999997
2175,20180928,30.551
2176,20181001,30.555999999999997
2177,20181002,30.668000000000003
2178,20181003,30.67
2179,20181004,30.791999999999998
2180,20181005,30.84
2181,20181008,30.926
2182,20181009,30.968000000000004
2183,20181011,31.105
2184,20181012,30.91
2185,20181015,30.94
2186,20181016,30.92
2187,20181017,30.85
2188,20181018,30.975
2189,20181019,30.976
2190,20181022,30.92
2191,20181023,30.985
2192,20181024,30.947
2193,20181025,30.996
2194,20181026,31.006
2195,20181029,30.996
2196,20181030,30.985
2197,20181031,30.968000000000004
2198,20181101,30.926
2199,20181102,30.738000000000003
2200,20181105,30.771
2201,20181106,30.781999999999996
2202,20181107,30.76
2203,20181108,30.701999999999998
2204,20181109,30.811999999999998
2205,20181112,30.888
2206,20181113,30.901999999999997
2207,20181114,30.932
2208,20181115,30.845
2209,20181116,30.888
2210,20181119,30.906
2211,20181120,30.908
2212,20181121,30.908
2213,20181122,30.894000000000002
2214,20181123,30.901999999999997
2215,20181126,30.886
2216,20181127,30.9
2217,20181128,30.91
2218,20181129,30.84
2219,20181130,30.85
2220,20181203,30.752
2221,20181204,30.705
2222,20181205,30.805999999999997
2223,20181206,30.857
2224,20181207,30.840999999999998
2225,20181210,30.877
2226,20181211,30.894000000000002
2227,20181212,30.881
2228,20181213,30.85
2229,20181214,30.866999999999997
2230,20181217,30.87
2231,20181218,30.87
2232,20181219,30.813000000000002
2233,20181220,30.843000000000004
2234,20181221,30.8
2235,20181222,30.824
2236,20181224,30.838
2237,20181225,30.81
2238,20181226,30.815
2239,20181227,30.802
2240,20181228,30.733
2241,20190102,30.794
2242,20190103,30.886
2243,20190104,30.863000000000003
2244,20190107,30.811999999999998
2245,20190108,30.836
2246,20190109,30.801
2247,20190110,30.781999999999996
2248,20190111,30.802
2249,20190114,30.851
2250,20190115,30.82
2251,20190116,30.831
2252,20190117,30.851999999999997
2253,20190118,30.842
2254,20190119,30.842
2255,20190121,30.851
2256,20190122,30.896
2257,20190123,30.892
2258,20190124,30.885
2259,20190125,30.825
2260,20190128,30.79
2261,20190129,30.811
2262,20190130,30.776
2263,20190131,30.74
2264,20190201,30.745
2265,20190211,30.809
2266,20190212,30.831
2267,20190213,30.831
2268,20190214,30.833000000000002
2269,20190215,30.85
2270,20190218,30.843000000000004
2271,20190219,30.846
2272,20190220,30.824
2273,20190221,30.83
2274,20190222,30.822
2275,20190223,30.823
2276,20190225,30.793000000000003
2277,20190226,30.783
2278,20190227,30.775
2279,20190304,30.83
2280,20190305,30.846999999999998
2281,20190306,30.851999999999997
2282,20190307,30.869
2283,20190308,30.901999999999997
2284,20190311,30.91
2285,20190312,30.905
2286,20190313,30.91
2287,20190314,30.901
2288,20190315,30.888
2289,20190318,30.831999999999997
2290,20190319,30.838
2291,20190320,30.833000000000002
2292,20190321,30.816
2293,20190322,30.805999999999997
2294,20190325,30.83
2295,20190326,30.835
2296,20190327,30.855999999999998
2297,20190328,30.855999999999998
2298,20190329,30.825
2299,20190401,30.801
2300,20190402,30.843000000000004
2301,20190403,30.816999999999997
2302,20190408,30.845
2303,20190409,30.840999999999998
2304,20190410,30.845
2305,20190411,30.866
2306,20190412,30.88
2307,20190415,30.866
2308,20190416,30.874000000000002
2309,20190417,30.848000000000003
2310,20190418,30.840999999999998
2311,20190419,30.842
2312,20190422,30.855999999999998
2313,20190423,30.858
2314,20190424,30.875
2315,20190425,30.905
2316,20190426,30.906999999999996
2317,20190429,30.897
2318,20190430,30.905
2319,20190502,30.905
2320,20190503,30.906999999999996
2321,20190506,30.925
2322,20190507,30.910999999999998
2323,20190508,30.92
2324,20190509,30.956
2325,20190510,30.958000000000002
2326,20190513,31.081999999999997
2327,20190514,31.128
2328,20190515,31.11
2329,20190516,31.165
2330,20190517,31.296999999999997
2331,20190520,31.385
2332,20190521,31.46
2333,20190522,31.53
2334,20190523,31.546999999999997
2335,20190524,31.52
2336,20190527,31.45
2337,20190528,31.484
2338,20190529,31.581
2339,20190530,31.61
2340,20190531,31.612
2341,20190603,31.503
2342,20190604,31.48
2343,20190605,31.39
2344,20190606,31.401999999999997
2345,20190610,31.436
2346,20190611,31.436
2347,20190612,31.43
2348,20190613,31.511999999999997
2349,20190614,31.53
2350,20190617,31.52
2351,20190618,31.528000000000002
2352,20190619,31.35
2353,20190620,31.175
2354,20190621,31.15
2355,20190624,31.11
2356,20190625,31.115
2357,20190626,31.14
2358,20190627,31.101
2359,20190628,31.072
2360,20190701,31.002
2361,20190702,31.052
2362,20190703,31.13
2363,20190704,31.101999999999997
2364,20190705,31.107
2365,20190708,31.195999999999998
2366,20190709,31.180999999999997
2367,20190710,31.16
2368,20190711,31.026
2369,20190712,31.081
2370,20190715,31.052
2371,20190716,31.041999999999998
2372,20190717,31.075
2373,20190718,31.076999999999998
2374,20190719,31.05
2375,20190722,31.083000000000002
2376,20190723,31.090999999999998
2377,20190724,31.084
2378,20190725,31.085
2379,20190726,31.09
2380,20190729,31.101999999999997
2381,20190730,31.075
2382,20190731,31.096
2383,20190801,31.182
2384,20190802,31.375999999999998
2385,20190805,31.628
2386,20190806,31.51
2387,20190807,31.487
2388,20190808,31.363000000000003
2389,20190812,31.4
2390,20190813,31.506
2391,20190814,31.401999999999997
2392,20190815,31.405
2393,20190816,31.366
2394,20190819,31.351999999999997
2395,20190820,31.405
2396,20190821,31.366
2397,20190822,31.384
2398,20190823,31.401999999999997
2399,20190826,31.451
2400,20190827,31.415
2401,20190828,31.42
2402,20190829,31.441999999999997
2403,20190830,31.41
2404,20190902,31.401999999999997
2405,20190903,31.432
2406,20190904,31.365
2407,20190905,31.28
2408,20190906,31.256999999999998
2409,20190909,31.25
2410,20190910,31.23
2411,20190911,31.22
2412,20190912,31.055
2413,20190916,31.002
2414,20190917,31.035
2415,20190918,31.0
2416,20190919,31.006
2417,20190920,30.98
2418,20190923,31.057
2419,20190924,31.013
2420,20190925,31.034000000000002
2421,20190926,31.04
2422,20190927,31.041999999999998
2423,20191001,31.045
2424,20191002,31.063000000000002
2425,20191003,31.064
2426,20191004,30.973000000000003
2427,20191005,30.973000000000003
2428,20191007,30.901999999999997
2429,20191008,30.842
2430,20191009,30.85
2431,20191014,30.62
2432,20191015,30.686
2433,20191016,30.721999999999998
2434,20191017,30.680999999999997
2435,20191018,30.611
2436,20191021,30.592
2437,20191022,30.594
2438,20191023,30.611
2439,20191024,30.586
2440,20191025,30.594
2441,20191028,30.572
2442,20191029,30.522
2443,20191030,30.533
2444,20191031,30.462
2445,20191101,30.479
2446,20191104,30.405
2447,20191105,30.371
2448,20191106,30.4
2449,20191107,30.406
2450,20191108,30.412
2451,20191111,30.435
2452,20191112,30.421999999999997
2453,20191113,30.503
2454,20191114,30.581999999999997
2455,20191115,30.538
2456,20191118,30.500999999999998
2457,20191119,30.509
2458,20191120,30.5
2459,20191121,30.524
2460,20191122,30.517
2461,20191125,30.506999999999998
2462,20191126,30.511999999999997
2463,20191127,30.515
2464,20191128,30.505
2465,20191129,30.513
2466,20191202,30.509
2467,20191203,30.506999999999998
2468,20191204,30.508000000000003
2469,20191205,30.5
2470,20191206,30.5
2471,20191209,30.502
2472,20191210,30.503
2473,20191211,30.505
2474,20191212,30.406
2475,20191213,30.316999999999997
2476,20191216,30.263
2477,20191217,30.21
2478,20191218,30.233
2479,20191219,30.208000000000002
2480,20191220,30.21
2481,20191223,30.215
2482,20191224,30.205
2483,20191225,30.203000000000003
2484,20191226,30.201
2485,20191227,30.203000000000003
2486,20191230,30.135
2487,20191231,30.105999999999998
2488,20200102,30.114
2489,20200103,30.105
2490,20200106,30.11
2491,20200107,30.081999999999997
2492,20200108,30.087
2493,20200109,30.008000000000003
2494,20200110,30.019000000000002
2495,20200113,29.951999999999998
2496,20200114,29.941999999999997
2497,20200115,29.95
2498,20200116,29.955
2499,20200117,29.96
2500,20200120,29.96
2501,20200121,29.998
2502,20200122,30.006
2503,20200130,30.276999999999997
2504,20200131,30.25
2505,20200203,30.331999999999997
2506,20200204,30.206999999999997
2507,20200205,30.151999999999997
2508,20200206,30.081999999999997
2509,20200207,30.125999999999998
2510,20200210,30.101999999999997
2511,20200211,30.068
2512,20200212,30.031999999999996
2513,20200213,30.037
2514,20200214,30.051
2515,20200215,30.051
2516,20200217,30.055999999999997
2517,20200218,30.125
2518,20200219,30.151999999999997
2519,20200220,30.254
2520,20200221,30.403000000000002
2521,20200224,30.471999999999998
2522,20200225,30.401999999999997
2523,20200226,30.383000000000003
2524,20200227,30.33
2525,20200302,30.124000000000002
2526,20200303,30.087
2527,20200304,30.038
2528,20200305,29.96
2529,20200306,30.04
2530,20200309,30.13
2531,20200310,30.035999999999998
2532,20200311,30.095
2533,20200312,30.15
2534,20200313,30.21
2535,20200316,30.22
2536,20200317,30.25
2537,20200318,30.276
2538,20200319,30.506
2539,20200320,30.302
2540,20200323,30.405
2541,20200324,30.316
2542,20200325,30.325
2543,20200326,30.305999999999997
2544,20200327,30.236
2545,20200330,30.25
2546,20200331,30.254
2547,20200401,30.308000000000003
2548,20200406,30.230999999999998
2549,20200407,30.151999999999997
2550,20200408,30.16
2551,20200409,30.151999999999997
2552,20200410,30.103
2553,20200413,30.12
2554,20200414,30.070999999999998
2555,20200415,30.031
2556,20200416,30.12
2557,20200417,30.101999999999997
2558,20200420,30.072
2559,20200421,30.101999999999997
2560,20200422,30.1
2561,20200423,30.072
2562,20200424,30.08
2563,20200427,30.025
2564,20200428,30.035999999999998
2565,20200429,29.951
2566,20200430,29.802
2567,20200504,29.9
2568,20200505,29.88
2569,20200506,29.91
2570,20200507,29.95
2571,20200508,29.901999999999997
2572,20200511,29.861
2573,20200512,29.92
2574,20200513,29.906
2575,20200514,29.948
2576,20200515,29.95
2577,20200518,29.98
2578,20200519,29.95
2579,20200520,29.96
2580,20200521,29.95
2581,20200522,30.009
2582,20200525,30.076
2583,20200526,29.988000000000003
2584,20200527,30.03
2585,20200528,30.045
2586,20200529,30.031999999999996
2587,20200601,29.951999999999998
2588,20200602,29.988000000000003
2589,20200603,29.905
2590,20200604,29.926
2591,20200605,29.839000000000002
2592,20200608,29.811
2593,20200609,29.803
2594,20200610,29.715999999999998
2595,20200611,29.733
2596,20200612,29.761999999999997
2597,20200615,29.77
2598,20200616,29.704
2599,20200617,29.682
2600,20200618,29.655
2601,20200619,29.66
2602,20200620,29.66
2603,20200622,29.66
2604,20200623,29.635
2605,20200624,29.64
2606,20200629,29.625
2607,20200630,29.66
2608,20200701,29.612
2609,20200702,29.586
2610,20200703,29.609
2611,20200706,29.551
2612,20200707,29.58
2613,20200708,29.605999999999998
2614,20200709,29.581
2615,20200710,29.613000000000003
2616,20200713,29.584
2617,20200714,29.595
2618,20200715,29.581999999999997
2619,20200716,29.596
2620,20200717,29.593000000000004
2621,20200720,29.565
2622,20200721,29.553
2623,20200722,29.526999999999997
2624,20200723,29.535999999999998
2625,20200724,29.555999999999997
2626,20200727,29.506999999999998
2627,20200728,29.502
2628,20200729,29.500999999999998
2629,20200730,29.521
2630,20200731,29.502
2631,20200803,29.531
2632,20200804,29.539
2633,20200805,29.506
2634,20200806,29.503
2635,20200807,29.514
2636,20200810,29.52
2637,20200811,29.531
2638,20200812,29.54
2639,20200813,29.535999999999998
2640,20200814,29.541999999999998
2641,20200817,29.526
2642,20200818,29.518
2643,20200819,29.508000000000003
2644,20200820,29.522
2645,20200821,29.511999999999997
2646,20200824,29.517
2647,20200825,29.506999999999998
2648,20200826,29.515
2649,20200827,29.51
2650,20200828,29.521
2651,20200831,29.526
2652,20200901,29.521
2653,20200902,29.526
2654,20200903,29.531
2655,20200904,29.537
2656,20200907,29.524
2657,20200908,29.505
2658,20200909,29.53
2659,20200910,29.519000000000002
2660,20200911,29.506
2661,20200914,29.486
2662,20200915,29.38
2663,20200916,29.308000000000003
2664,20200917,29.31
2665,20200918,29.151999999999997
2666,20200921,29.158
2667,20200922,29.201999999999998
2668,20200923,29.215999999999998
2669,20200924,29.318
2670,20200925,29.275
2671,20200926,29.276
2672,20200928,29.22
2673,20200929,29.151
2674,20200930,29.125999999999998
2675,20201005,29.02
2676,20201006,28.96
2677,20201007,28.965
2678,20201008,28.965999999999998
2679,20201012,28.909000000000002
2680,20201013,28.92
2681,20201014,28.951999999999998
2682,20201015,28.96
2683,20201016,28.979
2684,20201019,28.95
2685,20201020,28.932
2686,20201021,28.892
2687,20201022,28.903000000000002
2688,20201023,28.916999999999998
2689,20201026,28.901999999999997
2690,20201027,28.872
2691,20201028,28.906
2692,20201029,28.914
2693,20201030,28.925
2694,20201102,28.909000000000002
2695,20201103,28.92
2696,20201104,29.006
2697,20201105,28.874000000000002
2698,20201106,28.875999999999998
2699,20201109,28.825
2700,20201110,28.855999999999998
2701,20201111,28.83
2702,20201112,28.86
2703,20201113,28.846999999999998
2704,20201116,28.81
2705,20201117,28.815
2706,20201118,28.758000000000003
2707,20201119,28.818
2708,20201120,28.82
2709,20201123,28.803
2710,20201124,28.831
2711,20201125,28.816
2712,20201126,28.811
2713,20201127,28.811
2714,20201130,28.824
2715,20201201,28.837
2716,20201202,28.766
2717,20201203,28.668000000000003
2718,20201204,28.521
2719,20201207,28.534000000000002
2720,20201208,28.516
2721,20201209,28.51
2722,20201210,28.506
2723,20201211,28.44
2724,20201214,28.45
2725,20201215,28.46
2726,20201216,28.476
2727,20201217,28.480999999999998
2728,20201218,28.489
2729,20201221,28.517
2730,20201222,28.545
2731,20201223,28.555
2732,20201224,28.533
2733,20201225,28.541
2734,20201228,28.525
2735,20201229,28.515
2736,20201230,28.506999999999998
2737,20201231,28.508000000000003
2738,20210104,28.424
2739,20210105,28.401999999999997
2740,20210106,28.406999999999996
2741,20210107,28.429000000000002
2742,20210108,28.456999999999997
2743,20210111,28.485
2744,20210112,28.480999999999998
2745,20210113,28.445
2746,20210114,28.467
2747,20210115,28.48
2748,20210118,28.49
2749,20210119,28.471
2750,20210120,28.415
2751,20210121,28.373
2752,20210122,28.381
2753,20210125,28.391
2754,20210126,28.41
2755,20210127,28.38
2756,20210128,28.421999999999997
2757,20210129,28.412
2758,20210201,28.385
2759,20210202,28.386999999999997
2760,20210203,28.377
2761,20210204,28.381999999999998
2762,20210205,28.39
2763,20210208,28.39
2764,20210209,28.39
2765,20210217,28.38
2766,20210218,28.33
2767,20210219,28.338
2768,20210220,28.338
2769,20210222,28.336
2770,20210223,28.302
2771,20210224,28.305999999999997
2772,20210225,28.256
2773,20210226,28.305999999999997
2774,20210302,28.319000000000003
2775,20210303,28.258000000000003
2776,20210304,28.266
2777,20210305,28.276
2778,20210308,28.303
2779,20210309,28.39
2780,20210310,28.326
2781,20210311,28.241
2782,20210312,28.186999999999998
2783,20210315,28.243000000000002
2784,20210316,28.263
2785,20210317,28.302
2786,20210318,28.305999999999997
2787,20210319,28.463
2788,20210322,28.491999999999997
2789,20210323,28.482
2790,20210324,28.538
2791,20210325,28.61
2792,20210326,28.601999999999997
2793,20210329,28.552
2794,20210330,28.519000000000002
2795,20210331,28.531
2796,20210401,28.533
2797,20210406,28.486
2798,20210407,28.427
2799,20210408,28.43
2800,20210409,28.436
2801,20210412,28.459
2802,20210413,28.465
2803,20210414,28.435
2804,20210415,28.381999999999998
2805,20210416,28.340999999999998
2806,20210419,28.205
2807,20210420,28.138
2808,20210421,28.151
2809,20210422,28.141
2810,20210423,28.111
2811,20210426,27.959
2812,20210427,27.905
2813,20210428,27.938000000000002
2814,20210429,27.95
2815,20210503,27.979
2816,20210504,27.951999999999998
2817,20210505,27.96
2818,20210506,27.99
2819,20210507,27.908
2820,20210510,27.816
2821,20210511,27.951999999999998
2822,20210512,27.955
2823,20210513,27.996
2824,20210514,28.011999999999997
2825,20210517,28.041999999999998
2826,20210518,27.951999999999998
2827,20210519,27.982
2828,20210520,28.011999999999997
2829,20210521,27.94
2830,20210524,27.95
2831,20210525,27.875999999999998
2832,20210526,27.820999999999998
2833,20210527,27.822
2834,20210528,27.767
2835,20210531,27.656999999999996
2836,20210601,27.637
2837,20210602,27.720
2838,20210603,27.704
2839,20210604,27.721
2840,20210607,27.712
2841,20210608,27.703
2842,20210609,27.767
2843,20210610,27.704
2844,20210611,27.631
2845,20210615,27.652
2846,20210616,27.691
2847,20210617,27.765
2848,20210618,27.810
2849,20210621,27.952
2850,20210622,27.962
2851,20210623,28.006
2852,20210624,28.002
2853,20210625,27.907
2854,20210628,27.910
2855,20210629,27.908
2856,20210630,27.870
