DATADATE,VALUE
0,2010-01-04,3140.0
1,2010-01-05,3270.0
2,2010-01-06,3259.0
3,2010-01-07,3149.0
4,2010-01-08,3140.0
5,2010-01-11,3148.0
6,2010-01-12,3160.0
7,2010-01-13,3175.0
8,2010-01-14,3235.0
9,2010-01-15,3299.0
10,2010-01-18,3295.0
11,2010-01-19,3208.0
12,2010-01-20,3158.0
13,2010-01-21,3170.0
14,2010-01-22,3204.0
15,2010-01-25,3223.0
16,2010-01-26,3205.0
17,2010-01-27,3118.0
18,2010-01-28,2963.0
19,2010-01-29,2848.0
20,2010-02-01,2745.0
21,2010-02-02,2691.0
22,2010-02-03,2673.0
23,2010-02-04,2685.0
24,2010-02-05,2715.0
25,2010-02-08,2722.0
26,2010-02-09,2706.0
27,2010-02-10,2630.0
28,2010-02-11,2575.0
29,2010-02-12,2571.0
30,2010-02-15,2566.0
31,2010-02-16,2598.0
32,2010-02-17,2661.0
33,2010-02-18,2704.0
34,2010-02-19,2714.0
35,2010-02-22,2721.0
36,2010-02-23,2724.0
37,2010-02-24,2707.0
38,2010-02-25,2711.0
39,2010-02-26,2738.0
40,2010-03-01,2760.0
41,2010-03-02,2792.0
42,2010-03-03,2911.0
43,2010-03-04,3121.0
44,2010-03-05,3242.0
45,2010-03-08,3259.0
46,2010-03-09,3210.0
47,2010-03-10,3230.0
48,2010-03-11,3316.0
49,2010-03-12,3506.0
50,2010-03-15,3574.0
51,2010-03-16,3498.0
52,2010-03-17,3427.0
53,2010-03-18,3396.0
54,2010-03-19,3379.0
55,2010-03-22,3337.0
56,2010-03-23,3280.0
57,2010-03-24,3243.0
58,2010-03-25,3177.0
59,2010-03-26,3098.0
60,2010-03-29,3021.0
61,2010-03-30,2982.0
62,2010-03-31,2998.0
63,2010-04-01,2991.0
64,2010-04-06,2981.0
65,2010-04-07,2947.0
66,2010-04-08,2922.0
67,2010-04-09,2913.0
68,2010-04-12,2911.0
69,2010-04-13,2928.0
70,2010-04-14,2966.0
71,2010-04-15,3001.0
72,2010-04-16,3009.0
73,2010-04-19,3002.0
74,2010-04-20,2998.0
75,2010-04-21,3009.0
76,2010-04-22,3006.0
77,2010-04-23,3013.0
78,2010-04-26,3020.0
79,2010-04-27,3203.0
80,2010-04-28,3329.0
81,2010-04-29,3359.0
82,2010-04-30,3354.0
83,2010-05-04,3352.0
84,2010-05-05,3379.0
85,2010-05-06,3468.0
86,2010-05-07,3608.0
87,2010-05-10,3707.0
88,2010-05-11,3822.0
89,2010-05-12,3888.0
90,2010-05-13,3914.0
91,2010-05-14,3929.0
92,2010-05-17,3922.0
93,2010-05-18,3882.0
94,2010-05-19,3832.0
95,2010-05-20,3803.0
96,2010-05-21,3844.0
97,2010-05-24,3943.0
98,2010-05-25,4187.0
99,2010-05-26,4209.0
100,2010-05-27,4156.0
101,2010-05-28,4078.0
102,2010-06-01,4074.0
103,2010-06-02,4041.0
104,2010-06-03,3933.0
105,2010-06-04,3844.0
106,2010-06-07,3733.0
107,2010-06-08,3579.0
108,2010-06-09,3514.0
109,2010-06-10,3423.0
110,2010-06-11,3288.0
111,2010-06-14,3115.0
112,2010-06-15,3020.0
113,2010-06-16,2893.0
114,2010-06-17,2784.0
115,2010-06-18,2694.0
116,2010-06-21,2601.0
117,2010-06-22,2547.0
118,2010-06-23,2515.0
119,2010-06-24,2502.0
120,2010-06-25,2501.0
121,2010-06-28,2482.0
122,2010-06-29,2447.0
123,2010-06-30,2406.0
124,2010-07-01,2351.0
125,2010-07-02,2280.0
126,2010-07-05,2216.0
127,2010-07-06,2127.0
128,2010-07-07,2018.0
129,2010-07-08,1940.0
130,2010-07-09,1902.0
131,2010-07-12,1840.0
132,2010-07-13,1790.0
133,2010-07-14,1709.0
134,2010-07-15,1700.0
135,2010-07-16,1720.0
136,2010-07-19,1732.0
137,2010-07-20,1761.0
138,2010-07-21,1781.0
139,2010-07-22,1801.0
140,2010-07-23,1826.0
141,2010-07-26,1841.0
142,2010-07-27,1869.0
143,2010-07-28,1901.0
144,2010-07-29,1942.0
145,2010-07-30,1967.0
146,2010-08-02,1977.0
147,2010-08-03,1964.0
148,2010-08-04,1957.0
149,2010-08-05,1978.0
150,2010-08-06,2030.0
151,2010-08-09,2114.0
152,2010-08-10,2212.0
153,2010-08-11,2378.0
154,2010-08-12,2437.0
155,2010-08-13,2468.0
156,2010-08-16,2488.0
157,2010-08-17,2515.0
158,2010-08-18,2558.0
159,2010-08-19,2644.0
160,2010-08-20,2756.0
161,2010-08-23,2841.0
162,2010-08-24,2861.0
163,2010-08-25,2773.0
164,2010-08-26,2703.0
165,2010-08-27,2712.0
166,2010-08-31,2713.0
167,2010-09-01,2741.0
168,2010-09-02,2835.0
169,2010-09-03,2876.0
170,2010-09-06,2881.0
171,2010-09-07,2918.0
172,2010-09-08,2975.0
173,2010-09-09,2988.0
174,2010-09-10,2995.0
175,2010-09-13,2976.0
176,2010-09-14,2940.0
177,2010-09-15,2840.0
178,2010-09-16,2737.0
179,2010-09-17,2676.0
180,2010-09-20,2628.0
181,2010-09-21,2562.0
182,2010-09-22,2486.0
183,2010-09-23,2461.0
184,2010-09-24,2444.0
185,2010-09-27,2451.0
186,2010-09-28,2504.0
187,2010-09-29,2468.0
188,2010-09-30,2446.0
189,2010-10-01,2452.0
190,2010-10-04,2478.0
191,2010-10-05,2569.0
192,2010-10-06,2639.0
193,2010-10-07,2662.0
194,2010-10-08,2696.0
195,2010-10-11,2695.0
196,2010-10-12,2719.0
197,2010-10-13,2748.0
198,2010-10-14,2769.0
199,2010-10-15,2762.0
200,2010-10-18,2756.0
201,2010-10-19,2744.0
202,2010-10-20,2729.0
203,2010-10-21,2720.0
204,2010-10-22,2727.0
205,2010-10-25,2748.0
206,2010-10-26,2778.0
207,2010-10-27,2784.0
208,2010-10-28,2707.0
209,2010-10-29,2678.0
210,2010-11-01,2648.0
211,2010-11-02,2600.0
212,2010-11-03,2542.0
213,2010-11-04,2510.0
214,2010-11-05,2495.0
215,2010-11-08,2482.0
216,2010-11-09,2467.0
217,2010-11-10,2454.0
218,2010-11-11,2366.0
219,2010-11-12,2313.0
220,2010-11-15,2261.0
221,2010-11-16,2219.0
222,2010-11-17,2188.0
223,2010-11-18,2164.0
224,2010-11-19,2155.0
225,2010-11-22,2179.0
226,2010-11-23,2199.0
227,2010-11-24,2213.0
228,2010-11-25,2200.0
229,2010-11-26,2170.0
230,2010-11-29,2145.0
231,2010-11-30,2099.0
232,2010-12-01,2096.0
233,2010-12-02,2133.0
234,2010-12-03,2168.0
235,2010-12-06,2179.0
236,2010-12-07,2173.0
237,2010-12-08,2144.0
238,2010-12-09,2111.0
239,2010-12-10,2095.0
240,2010-12-13,2076.0
241,2010-12-14,2069.0
242,2010-12-15,2047.0
243,2010-12-16,2028.0
244,2010-12-17,1999.0
245,2010-12-20,1955.0
246,2010-12-21,1886.0
247,2010-12-22,1830.0
248,2010-12-23,1795.0
249,2010-12-24,1773.0
250,2011-01-04,1693.0
251,2011-01-05,1621.0
252,2011-01-06,1544.0
253,2011-01-07,1519.0
254,2011-01-10,1495.0
255,2011-01-11,1480.0
256,2011-01-12,1453.0
257,2011-01-13,1446.0
258,2011-01-14,1439.0
259,2011-01-17,1439.0
260,2011-01-18,1432.0
261,2011-01-19,1411.0
262,2011-01-20,1393.0
263,2011-01-21,1370.0
264,2011-01-24,1345.0
265,2011-01-25,1292.0
266,2011-01-26,1234.0
267,2011-01-27,1186.0
268,2011-01-28,1137.0
269,2011-01-31,1107.0
270,2011-02-01,1084.0
271,2011-02-02,1064.0
272,2011-02-03,1045.0
273,2011-02-04,1043.0
274,2011-02-07,1045.0
275,2011-02-08,1064.0
276,2011-02-09,1092.0
277,2011-02-10,1136.0
278,2011-02-11,1178.0
279,2011-02-14,1206.0
280,2011-02-15,1236.0
281,2011-02-16,1271.0
282,2011-02-17,1292.0
283,2011-02-18,1301.0
284,2011-02-21,1295.0
285,2011-02-22,1279.0
286,2011-02-23,1253.0
287,2011-02-24,1242.0
288,2011-02-25,1245.0
289,2011-02-28,1251.0
290,2011-03-01,1262.0
291,2011-03-02,1281.0
292,2011-03-03,1317.0
293,2011-03-04,1346.0
294,2011-03-07,1382.0
295,2011-03-08,1424.0
296,2011-03-09,1472.0
297,2011-03-10,1538.0
298,2011-03-11,1562.0
299,2011-03-14,1559.0
300,2011-03-15,1548.0
301,2011-03-16,1538.0
302,2011-03-17,1533.0
303,2011-03-18,1531.0
304,2011-03-21,1531.0
305,2011-03-22,1543.0
306,2011-03-23,1565.0
307,2011-03-24,1583.0
308,2011-03-25,1585.0
309,2011-03-28,1585.0
310,2011-03-29,1572.0
311,2011-03-30,1545.0
312,2011-03-31,1530.0
313,2011-04-01,1520.0
314,2011-04-04,1498.0
315,2011-04-05,1462.0
316,2011-04-06,1430.0
317,2011-04-07,1401.0
318,2011-04-08,1376.0
319,2011-04-11,1359.0
320,2011-04-12,1342.0
321,2011-04-13,1324.0
322,2011-04-14,1309.0
323,2011-04-15,1296.0
324,2011-04-18,1284.0
325,2011-04-19,1271.0
326,2011-04-20,1262.0
327,2011-04-21,1254.0
328,2011-04-22,1254.0
329,2011-04-25,1254.0
330,2011-04-26,1250.0
331,2011-04-27,1259.0
332,2011-04-28,1269.0
333,2011-05-02,1269.0
334,2011-05-03,1292.0
335,2011-05-04,1302.0
336,2011-05-05,1314.0
337,2011-05-06,1340.0
338,2011-05-09,1348.0
339,2011-05-10,1344.0
340,2011-05-11,1334.0
341,2011-05-12,1320.0
342,2011-05-13,1306.0
343,2011-05-16,1291.0
344,2011-05-17,1274.0
345,2011-05-18,1271.0
346,2011-05-19,1329.0
347,2011-05-20,1349.0
348,2011-05-23,1369.0
349,2011-05-24,1398.0
350,2011-05-25,1446.0
351,2011-05-26,1467.0
352,2011-05-27,1474.0
353,2011-05-30,1474.0
354,2011-05-31,1480.0
355,2011-06-01,1485.0
356,2011-06-02,1489.0
357,2011-06-03,1489.0
358,2011-06-06,1484.0
359,2011-06-07,1456.0
360,2011-06-08,1434.0
361,2011-06-09,1428.0
362,2011-06-10,1418.0
363,2011-06-13,1412.0
364,2011-06-14,1400.0
365,2011-06-15,1405.0
366,2011-06-16,1424.0
367,2011-06-17,1423.0
368,2011-06-20,1418.0
369,2011-06-21,1409.0
370,2011-06-22,1406.0
371,2011-06-23,1414.0
372,2011-06-24,1424.0
373,2011-06-27,1442.0
374,2011-06-28,1438.0
375,2011-06-29,1420.0
376,2011-06-30,1413.0
377,2011-07-01,1422.0
378,2011-07-04,1419.0
379,2011-07-05,1428.0
380,2011-07-06,1443.0
381,2011-07-07,1453.0
382,2011-07-08,1449.0
383,2011-07-11,1437.0
384,2011-07-12,1411.0
385,2011-07-13,1383.0
386,2011-07-14,1367.0
387,2011-07-15,1353.0
388,2011-07-18,1340.0
389,2011-07-19,1330.0
390,2011-07-20,1328.0
391,2011-07-21,1325.0
392,2011-07-22,1323.0
393,2011-07-25,1317.0
394,2011-07-26,1310.0
395,2011-07-27,1296.0
396,2011-07-28,1278.0
397,2011-07-29,1264.0
398,2011-08-01,1256.0
399,2011-08-02,1253.0
400,2011-08-03,1260.0
401,2011-08-04,1268.0
402,2011-08-05,1268.0
403,2011-08-08,1264.0
404,2011-08-09,1257.0
405,2011-08-10,1265.0
406,2011-08-11,1277.0
407,2011-08-12,1287.0
408,2011-08-15,1306.0
409,2011-08-16,1344.0
410,2011-08-17,1371.0
411,2011-08-18,1414.0
412,2011-08-19,1462.0
413,2011-08-22,1515.0
414,2011-08-23,1565.0
415,2011-08-24,1602.0
416,2011-08-25,1582.0
417,2011-08-26,1541.0
418,2011-08-29,1541.0
419,2011-08-30,1537.0
420,2011-08-31,1619.0
421,2011-09-01,1682.0
422,2011-09-02,1740.0
423,2011-09-05,1750.0
424,2011-09-06,1767.0
425,2011-09-07,1744.0
426,2011-09-08,1782.0
427,2011-09-09,1838.0
428,2011-09-12,1876.0
429,2011-09-13,1901.0
430,2011-09-14,1927.0
431,2011-09-15,1907.0
432,2011-09-16,1814.0
433,2011-09-19,1764.0
434,2011-09-20,1795.0
435,2011-09-21,1811.0
436,2011-09-22,1884.0
437,2011-09-23,1920.0
438,2011-09-26,1928.0
439,2011-09-27,1927.0
440,2011-09-28,1920.0
441,2011-09-29,1913.0
442,2011-09-30,1899.0
443,2011-10-03,1886.0
444,2011-10-04,1885.0
445,2011-10-05,1908.0
446,2011-10-06,1967.0
447,2011-10-07,2000.0
448,2011-10-10,2032.0
449,2011-10-11,2106.0
450,2011-10-12,2127.0
451,2011-10-13,2155.0
452,2011-10-14,2173.0
453,2011-10-17,2160.0
454,2011-10-18,2136.0
455,2011-10-19,2140.0
456,2011-10-20,2161.0
457,2011-10-21,2153.0
458,2011-10-24,2153.0
459,2011-10-25,2161.0
460,2011-10-26,2145.0
461,2011-10-27,2091.0
462,2011-10-28,2018.0
463,2011-10-31,1965.0
464,2011-11-01,1912.0
465,2011-11-02,1859.0
466,2011-11-03,1817.0
467,2011-11-04,1784.0
468,2011-11-07,1766.0
469,2011-11-08,1759.0
470,2011-11-09,1802.0
471,2011-11-10,1840.0
472,2011-11-11,1835.0
473,2011-11-14,1818.0
474,2011-11-15,1846.0
475,2011-11-16,1884.0
476,2011-11-17,1898.0
477,2011-11-18,1895.0
478,2011-11-21,1874.0
479,2011-11-22,1854.0
480,2011-11-23,1830.0
481,2011-11-24,1814.0
482,2011-11-25,1807.0
483,2011-11-28,1809.0
484,2011-11-29,1828.0
485,2011-11-30,1846.0
486,2011-12-01,1862.0
487,2011-12-02,1866.0
488,2011-12-05,1856.0
489,2011-12-06,1848.0
490,2011-12-07,1849.0
491,2011-12-08,1882.0
492,2011-12-09,1922.0
493,2011-12-12,1930.0
494,2011-12-13,1922.0
495,2011-12-14,1912.0
496,2011-12-15,1889.0
497,2011-12-16,1888.0
498,2011-12-19,1885.0
499,2011-12-20,1878.0
500,2011-12-21,1856.0
501,2011-12-22,1787.0
502,2011-12-23,1738.0
503,2011-12-26,1738.0
504,2011-12-27,1738.0
505,2011-12-28,1738.0
506,2011-12-29,1738.0
507,2011-12-30,1738.0
508,2012-01-03,1624.0
509,2012-01-04,1552.0
510,2012-01-05,1426.0
511,2012-01-06,1347.0
512,2012-01-09,1308.0
513,2012-01-10,1258.0
514,2012-01-11,1193.0
515,2012-01-12,1105.0
516,2012-01-13,1053.0
517,2012-01-16,1013.0
518,2012-01-17,974.0
519,2012-01-18,926.0
520,2012-01-19,893.0
521,2012-01-20,862.0
522,2012-01-23,841.0
523,2012-01-24,807.0
524,2012-01-25,784.0
525,2012-01-26,753.0
526,2012-01-27,726.0
527,2012-01-30,702.0
528,2012-01-31,680.0
529,2012-02-01,662.0
530,2012-02-02,651.0
531,2012-02-03,647.0
532,2012-02-06,648.0
533,2012-02-07,660.0
534,2012-02-08,676.0
535,2012-02-09,695.0
536,2012-02-10,715.0
537,2012-02-13,729.0
538,2012-02-14,734.0
539,2012-02-15,731.0
540,2012-02-16,723.0
541,2012-02-17,717.0
542,2012-02-20,715.0
543,2012-02-21,706.0
544,2012-02-22,704.0
545,2012-02-23,706.0
546,2012-02-24,718.0
547,2012-02-27,730.0
548,2012-02-28,738.0
549,2012-02-29,750.0
550,2012-03-01,763.0
551,2012-03-02,771.0
552,2012-03-05,782.0
553,2012-03-06,787.0
554,2012-03-07,798.0
555,2012-03-08,812.0
556,2012-03-09,824.0
557,2012-03-12,837.0
558,2012-03-13,844.0
559,2012-03-14,855.0
560,2012-03-15,866.0
561,2012-03-16,874.0
562,2012-03-19,879.0
563,2012-03-20,884.0
564,2012-03-21,896.0
565,2012-03-22,902.0
566,2012-03-23,908.0
567,2012-03-26,912.0
568,2012-03-27,917.0
569,2012-03-28,922.0
570,2012-03-29,930.0
571,2012-03-30,934.0
572,2012-04-02,934.0
573,2012-04-03,931.0
574,2012-04-04,926.0
575,2012-04-05,928.0
576,2012-04-06,928.0
577,2012-04-09,928.0
578,2012-04-10,928.0
579,2012-04-11,944.0
580,2012-04-12,960.0
581,2012-04-13,972.0
582,2012-04-16,975.0
583,2012-04-17,989.0
584,2012-04-18,1006.0
585,2012-04-19,1028.0
586,2012-04-20,1067.0
587,2012-04-23,1090.0
588,2012-04-24,1116.0
589,2012-04-25,1137.0
590,2012-04-26,1148.0
591,2012-04-27,1156.0
592,2012-04-30,1155.0
593,2012-05-01,1152.0
594,2012-05-02,1149.0
595,2012-05-03,1157.0
596,2012-05-04,1157.0
597,2012-05-08,1165.0
598,2012-05-09,1156.0
599,2012-05-10,1146.0
600,2012-05-11,1138.0
601,2012-05-14,1132.0
602,2012-05-15,1130.0
603,2012-05-16,1137.0
604,2012-05-17,1137.0
605,2012-05-18,1141.0
606,2012-05-21,1141.0
607,2012-05-22,1127.0
608,2012-05-23,1100.0
609,2012-05-24,1058.0
610,2012-05-25,1034.0
611,2012-05-28,1012.0
612,2012-05-29,986.0
613,2012-05-30,950.0
614,2012-05-31,923.0
615,2012-06-01,904.0
616,2012-06-04,904.0
617,2012-06-05,904.0
618,2012-06-06,878.0
619,2012-06-07,872.0
620,2012-06-08,877.0
621,2012-06-11,884.0
622,2012-06-12,893.0
623,2012-06-13,902.0
624,2012-06-14,912.0
625,2012-06-15,924.0
626,2012-06-18,938.0
627,2012-06-19,954.0
628,2012-06-20,972.0
629,2012-06-21,978.0
630,2012-06-22,978.0
631,2012-06-25,978.0
632,2012-06-26,981.0
633,2012-06-27,988.0
634,2012-06-28,994.0
635,2012-06-29,1004.0
636,2012-07-02,1013.0
637,2012-07-03,1063.0
638,2012-07-04,1103.0
639,2012-07-05,1138.0
640,2012-07-06,1157.0
641,2012-07-09,1162.0
642,2012-07-10,1160.0
643,2012-07-11,1146.0
644,2012-07-12,1121.0
645,2012-07-13,1110.0
646,2012-07-16,1102.0
647,2012-07-17,1093.0
648,2012-07-18,1074.0
649,2012-07-19,1053.0
650,2012-07-20,1037.0
651,2012-07-23,1022.0
652,2012-07-24,1003.0
653,2012-07-25,982.0
654,2012-07-26,958.0
655,2012-07-27,933.0
656,2012-07-30,915.0
657,2012-07-31,897.0
658,2012-08-01,878.0
659,2012-08-02,861.0
660,2012-08-03,852.0
661,2012-08-06,843.0
662,2012-08-07,836.0
663,2012-08-08,812.0
664,2012-08-09,790.0
665,2012-08-10,774.0
666,2012-08-13,764.0
667,2012-08-14,750.0
668,2012-08-15,728.0
669,2012-08-16,720.0
670,2012-08-17,714.0
671,2012-08-20,711.0
672,2012-08-21,709.0
673,2012-08-22,712.0
674,2012-08-23,715.0
675,2012-08-24,717.0
676,2012-08-28,724.0
677,2012-08-29,718.0
678,2012-08-30,707.0
679,2012-08-31,703.0
680,2012-09-03,698.0
681,2012-09-04,693.0
682,2012-09-05,684.0
683,2012-09-06,675.0
684,2012-09-07,669.0
685,2012-09-10,666.0
686,2012-09-11,662.0
687,2012-09-12,661.0
688,2012-09-13,663.0
689,2012-09-14,662.0
690,2012-09-17,663.0
691,2012-09-18,697.0
692,2012-09-19,722.0
693,2012-09-20,755.0
694,2012-09-21,774.0
695,2012-09-24,772.0
696,2012-09-25,763.0
697,2012-09-26,752.0
698,2012-09-27,744.0
699,2012-09-28,766.0
700,2012-10-01,777.0
701,2012-10-02,778.0
702,2012-10-03,798.0
703,2012-10-04,845.0
704,2012-10-05,875.0
705,2012-10-08,883.0
706,2012-10-09,875.0
707,2012-10-10,875.0
708,2012-10-11,903.0
709,2012-10-12,926.0
710,2012-10-15,941.0
711,2012-10-16,981.0
712,2012-10-17,999.0
713,2012-10-18,989.0
714,2012-10-19,1010.0
715,2012-10-22,1037.0
716,2012-10-23,1109.0
717,2012-10-24,1088.0
718,2012-10-25,1051.0
719,2012-10-26,1049.0
720,2012-10-29,1048.0
721,2012-10-30,1043.0
722,2012-10-31,1026.0
723,2012-11-01,1000.0
724,2012-11-02,986.0
725,2012-11-03,985.0
726,2012-11-05,971.0
727,2012-11-06,947.0
728,2012-11-07,916.0
729,2012-11-08,916.0
730,2012-11-09,940.0
731,2012-11-12,965.0
732,2012-11-13,985.0
733,2012-11-14,1011.0
734,2012-11-15,1024.0
735,2012-11-16,1036.0
736,2012-11-19,1054.0
737,2012-11-20,1066.0
738,2012-11-21,1073.0
739,2012-11-22,1084.0
740,2012-11-23,1090.0
741,2012-11-26,1094.0
742,2012-11-27,1097.0
743,2012-11-28,1104.0
744,2012-11-29,1097.0
745,2012-11-30,1086.0
746,2012-12-03,1077.0
747,2012-12-04,1054.0
748,2012-12-05,1022.0
749,2012-12-06,990.0
750,2012-12-07,966.0
751,2012-12-10,937.0
752,2012-12-11,900.0
753,2012-12-12,826.0
754,2012-12-13,799.0
755,2012-12-14,784.0
756,2012-12-17,766.0
757,2012-12-18,743.0
758,2012-12-19,720.0
759,2012-12-20,708.0
760,2012-12-21,700.0
761,2012-12-24,669.0
762,2013-01-02,698.0
763,2013-01-03,700.0
764,2013-01-04,706.0
765,2013-01-07,712.0
766,2013-01-08,734.0
767,2013-01-09,743.0
768,2013-01-10,751.0
769,2013-01-11,760.0
770,2013-01-14,762.0
771,2013-01-15,765.0
772,2013-01-16,781.0
773,2013-01-17,820.0
774,2013-01-18,837.0
775,2013-01-21,838.0
776,2013-01-22,825.0
777,2013-01-23,817.0
778,2013-01-24,808.0
779,2013-01-25,798.0
780,2013-01-28,792.0
781,2013-01-29,779.0
782,2013-01-30,767.0
783,2013-01-31,760.0
784,2013-02-01,750.0
785,2013-02-04,745.0
786,2013-02-05,739.0
787,2013-02-06,740.0
788,2013-02-07,749.0
789,2013-02-08,748.0
790,2013-02-11,746.0
791,2013-02-12,747.0
792,2013-02-13,751.0
793,2013-02-14,748.0
794,2013-02-15,753.0
795,2013-02-18,747.0
796,2013-02-19,738.0
797,2013-02-20,735.0
798,2013-02-21,737.0
799,2013-02-22,740.0
800,2013-02-25,743.0
801,2013-02-26,741.0
802,2013-02-27,745.0
803,2013-02-28,757.0
804,2013-03-01,776.0
805,2013-03-04,789.0
806,2013-03-05,806.0
807,2013-03-06,820.0
808,2013-03-07,834.0
809,2013-03-08,843.0
810,2013-03-11,847.0
811,2013-03-12,865.0
812,2013-03-13,875.0
813,2013-03-14,880.0
814,2013-03-15,892.0
815,2013-03-18,899.0
816,2013-03-19,912.0
817,2013-03-20,923.0
818,2013-03-21,930.0
819,2013-03-22,933.0
820,2013-03-25,935.0
821,2013-03-26,931.0
822,2013-03-27,922.0
823,2013-03-28,910.0
824,2013-04-02,896.0
825,2013-04-03,877.0
826,2013-04-04,866.0
827,2013-04-05,861.0
828,2013-04-08,858.0
829,2013-04-09,856.0
830,2013-04-10,859.0
831,2013-04-11,865.0
832,2013-04-12,875.0
833,2013-04-15,876.0
834,2013-04-16,880.0
835,2013-04-17,885.0
836,2013-04-18,885.0
837,2013-04-19,888.0
838,2013-04-22,889.0
839,2013-04-23,885.0
840,2013-04-24,879.0
841,2013-04-25,872.0
842,2013-04-26,871.0
843,2013-04-29,868.0
844,2013-04-30,863.0
845,2013-05-01,862.0
846,2013-05-02,873.0
847,2013-05-03,878.0
848,2013-05-07,889.0
849,2013-05-08,892.0
850,2013-05-09,889.0
851,2013-05-10,884.0
852,2013-05-13,879.0
853,2013-05-14,872.0
854,2013-05-15,861.0
855,2013-05-16,850.0
856,2013-05-17,841.0
857,2013-05-20,836.0
858,2013-05-21,830.0
859,2013-05-22,829.0
860,2013-05-23,828.0
861,2013-05-24,826.0
862,2013-05-28,822.0
863,2013-05-29,818.0
864,2013-05-30,811.0
865,2013-05-31,809.0
866,2013-06-03,806.0
867,2013-06-04,805.0
868,2013-06-05,801.0
869,2013-06-06,806.0
870,2013-06-07,812.0
871,2013-06-10,815.0
872,2013-06-11,825.0
873,2013-06-12,847.0
874,2013-06-13,873.0
875,2013-06-14,900.0
876,2013-06-17,925.0
877,2013-06-18,962.0
878,2013-06-19,995.0
879,2013-06-20,1012.0
880,2013-06-21,1027.0
881,2013-06-24,1062.0
882,2013-06-25,1090.0
883,2013-06-26,1125.0
884,2013-06-27,1151.0
885,2013-06-28,1171.0
886,2013-07-01,1179.0
887,2013-07-02,1170.0
888,2013-07-03,1133.0
889,2013-07-04,1103.0
890,2013-07-05,1099.0
891,2013-07-08,1115.0
892,2013-07-09,1120.0
893,2013-07-10,1130.0
894,2013-07-11,1139.0
895,2013-07-12,1149.0
896,2013-07-15,1151.0
897,2013-07-16,1152.0
898,2013-07-17,1151.0
899,2013-07-18,1146.0
900,2013-07-19,1138.0
901,2013-07-22,1135.0
902,2013-07-23,1127.0
903,2013-07-24,1117.0
904,2013-07-25,1092.0
905,2013-07-26,1082.0
906,2013-07-29,1075.0
907,2013-07-30,1067.0
908,2013-07-31,1062.0
909,2013-08-01,1066.0
910,2013-08-02,1065.0
911,2013-08-05,1058.0
912,2013-08-06,1046.0
913,2013-08-07,1024.0
914,2013-08-08,1012.0
915,2013-08-09,1001.0
916,2013-08-12,996.0
917,2013-08-13,1007.0
918,2013-08-14,1060.0
919,2013-08-15,1091.0
920,2013-08-16,1102.0
921,2013-08-19,1115.0
922,2013-08-20,1145.0
923,2013-08-21,1156.0
924,2013-08-22,1158.0
925,2013-08-23,1165.0
926,2013-08-27,1169.0
927,2013-08-28,1146.0
928,2013-08-29,1136.0
929,2013-08-30,1132.0
930,2013-09-02,1139.0
931,2013-09-03,1168.0
932,2013-09-04,1215.0
933,2013-09-05,1279.0
934,2013-09-06,1352.0
935,2013-09-09,1478.0
936,2013-09-10,1541.0
937,2013-09-11,1628.0
938,2013-09-12,1621.0
939,2013-09-13,1636.0
940,2013-09-16,1651.0
941,2013-09-17,1740.0
942,2013-09-18,1822.0
943,2013-09-19,1860.0
944,2013-09-20,1904.0
945,2013-09-23,1947.0
946,2013-09-24,2021.0
947,2013-09-25,2127.0
948,2013-09-26,2113.0
949,2013-09-27,2046.0
950,2013-09-30,2003.0
951,2013-10-01,1994.0
952,2013-10-02,2008.0
953,2013-10-03,2047.0
954,2013-10-04,2084.0
955,2013-10-07,2115.0
956,2013-10-08,2146.0
957,2013-10-09,2125.0
958,2013-10-10,2011.0
959,2013-10-11,1985.0
960,2013-10-14,1961.0
961,2013-10-15,1963.0
962,2013-10-16,1965.0
963,2013-10-17,1960.0
964,2013-10-18,1901.0
965,2013-10-21,1878.0
966,2013-10-22,1847.0
967,2013-10-23,1786.0
968,2013-10-24,1708.0
969,2013-10-25,1671.0
970,2013-10-28,1619.0
971,2013-10-29,1551.0
972,2013-10-30,1484.0
973,2013-10-31,1504.0
974,2013-11-01,1525.0
975,2013-11-04,1552.0
976,2013-11-05,1600.0
977,2013-11-06,1602.0
978,2013-11-07,1593.0
979,2013-11-08,1581.0
980,2013-11-11,1564.0
981,2013-11-12,1543.0
982,2013-11-13,1531.0
983,2013-11-14,1517.0
984,2013-11-15,1507.0
985,2013-11-18,1500.0
986,2013-11-19,1495.0
987,2013-11-20,1527.0
988,2013-11-21,1499.0
989,2013-11-22,1483.0
990,2013-11-25,1492.0
991,2013-11-26,1512.0
992,2013-11-27,1573.0
993,2013-11-28,1719.0
994,2013-11-29,1821.0
995,2013-12-02,1865.0
996,2013-12-03,1922.0
997,2013-12-04,1994.0
998,2013-12-05,2145.0
999,2013-12-06,2176.0
1000,2013-12-09,2183.0
1001,2013-12-10,2237.0
1002,2013-12-11,2299.0
1003,2013-12-12,2337.0
1004,2013-12-13,2330.0
1005,2013-12-16,2292.0
1006,2013-12-17,2225.0
1007,2013-12-18,2156.0
1008,2013-12-19,2134.0
1009,2013-12-20,2208.0
1010,2013-12-23,2247.0
1011,2013-12-24,2277.0
1012,2014-01-02,2113.0
1013,2014-01-03,2036.0
1014,2014-01-06,1951.0
1015,2014-01-07,1876.0
1016,2014-01-08,1826.0
1017,2014-01-09,1706.0
1018,2014-01-10,1512.0
1019,2014-01-13,1395.0
1020,2014-01-14,1370.0
1021,2014-01-15,1374.0
1022,2014-01-16,1398.0
1023,2014-01-17,1421.0
1024,2014-01-20,1428.0
1025,2014-01-21,1369.0
1026,2014-01-22,1322.0
1027,2014-01-23,1271.0
1028,2014-01-24,1246.0
1029,2014-01-27,1217.0
1030,2014-01-28,1177.0
1031,2014-01-29,1148.0
1032,2014-01-30,1127.0
1033,2014-01-31,1110.0
1034,2014-02-03,1093.0
1035,2014-02-04,1084.0
1036,2014-02-05,1086.0
1037,2014-02-06,1092.0
1038,2014-02-07,1091.0
1039,2014-02-10,1096.0
1040,2014-02-11,1091.0
1041,2014-02-12,1085.0
1042,2014-02-13,1097.0
1043,2014-02-14,1106.0
1044,2014-02-17,1130.0
1045,2014-02-18,1146.0
1046,2014-02-19,1160.0
1047,2014-02-20,1164.0
1048,2014-02-21,1175.0
1049,2014-02-24,1174.0
1050,2014-02-25,1197.0
1051,2014-02-26,1222.0
1052,2014-02-27,1250.0
1053,2014-02-28,1258.0
1054,2014-03-03,1276.0
1055,2014-03-04,1325.0
1056,2014-03-05,1391.0
1057,2014-03-06,1480.0
1058,2014-03-07,1543.0
1059,2014-03-10,1562.0
1060,2014-03-11,1580.0
1061,2014-03-12,1453.0
1062,2014-03-13,1468.0
1063,2014-03-14,1477.0
1064,2014-03-17,1481.0
1065,2014-03-18,1518.0
1066,2014-03-19,1570.0
1067,2014-03-20,1621.0
1068,2014-03-21,1599.0
1069,2014-03-24,1602.0
1070,2014-03-25,1578.0
1071,2014-03-26,1496.0
1072,2014-03-27,1412.0
1073,2014-03-28,1373.0
1074,2014-03-31,1362.0
1075,2014-04-01,1316.0
1076,2014-04-02,1273.0
1077,2014-04-03,1235.0
1078,2014-04-04,1205.0
1079,2014-04-07,1186.0
1080,2014-04-08,1098.0
1081,2014-04-09,1061.0
1082,2014-04-10,1029.0
1083,2014-04-11,1002.0
1084,2014-04-14,989.0
1085,2014-04-15,970.0
1086,2014-04-16,936.0
1087,2014-04-17,930.0
1088,2014-04-22,939.0
1089,2014-04-23,956.0
1090,2014-04-24,962.0
1091,2014-04-25,967.0
1092,2014-04-28,961.0
1093,2014-04-29,949.0
1094,2014-04-30,943.0
1095,2014-05-01,993.0
1096,2014-05-02,1017.0
1097,2014-05-06,1022.0
1098,2014-05-07,1022.0
1099,2014-05-08,1008.0
1100,2014-05-09,997.0
1101,2014-05-12,987.0
1102,2014-05-13,982.0
1103,2014-05-14,1002.0
1104,2014-05-15,1021.0
1105,2014-05-16,1027.0
1106,2014-05-19,1022.0
1107,2014-05-20,1010.0
1108,2014-05-21,988.0
1109,2014-05-22,966.0
1110,2014-05-23,964.0
1111,2014-05-27,973.0
1112,2014-05-28,954.0
1113,2014-05-29,940.0
1114,2014-05-30,934.0
1115,2014-06-02,934.0
1116,2014-06-03,948.0
1117,2014-06-04,959.0
1118,2014-06-05,977.0
1119,2014-06-06,989.0
1120,2014-06-09,999.0
1121,2014-06-10,1004.0
1122,2014-06-11,973.0
1123,2014-06-12,939.0
1124,2014-06-13,906.0
1125,2014-06-16,880.0
1126,2014-06-17,858.0
1127,2014-06-18,867.0
1128,2014-06-19,902.0
1129,2014-06-20,904.0
1130,2014-06-23,886.0
1131,2014-06-24,867.0
1132,2014-06-25,846.0
1133,2014-06-26,824.0
1134,2014-06-27,831.0
1135,2014-06-30,850.0
1136,2014-07-01,894.0
1137,2014-07-02,890.0
1138,2014-07-03,890.0
1139,2014-07-04,893.0
1140,2014-07-07,888.0
1141,2014-07-08,881.0
1142,2014-07-09,863.0
1143,2014-07-10,836.0
1144,2014-07-11,814.0
1145,2014-07-14,798.0
1146,2014-07-15,782.0
1147,2014-07-16,755.0
1148,2014-07-17,738.0
1149,2014-07-18,732.0
1150,2014-07-21,724.0
1151,2014-07-22,723.0
1152,2014-07-23,727.0
1153,2014-07-24,732.0
1154,2014-07-25,739.0
1155,2014-07-28,743.0
1156,2014-07-29,747.0
1157,2014-07-30,754.0
1158,2014-07-31,755.0
1159,2014-08-01,751.0
1160,2014-08-04,753.0
1161,2014-08-05,755.0
1162,2014-08-06,759.0
1163,2014-08-07,765.0
1164,2014-08-08,777.0
1165,2014-08-11,792.0
1166,2014-08-12,836.0
1167,2014-08-13,871.0
1168,2014-08-14,942.0
1169,2014-08-15,1015.0
1170,2014-08-18,1042.0
1171,2014-08-19,1040.0
1172,2014-08-20,1061.0
1173,2014-08-21,1096.0
1174,2014-08-22,1088.0
1175,2014-08-26,1070.0
1176,2014-08-27,1063.0
1177,2014-08-28,1119.0
1178,2014-08-29,1147.0
1179,2014-09-01,1151.0
1180,2014-09-02,1149.0
1181,2014-09-03,1142.0
1182,2014-09-04,1147.0
1183,2014-09-05,1155.0
1184,2014-09-08,1166.0
1185,2014-09-09,1197.0
1186,2014-09-10,1197.0
1187,2014-09-11,1186.0
1188,2014-09-12,1181.0
1189,2014-09-15,1173.0
1190,2014-09-16,1150.0
1191,2014-09-17,1124.0
1192,2014-09-18,1089.0
1193,2014-09-19,1075.0
1194,2014-09-22,1077.0
1195,2014-09-23,1073.0
1196,2014-09-24,1056.0
1197,2014-09-25,1038.0
1198,2014-09-26,1049.0
1199,2014-09-28,1062.0
1200,2014-09-29,1062.0
1201,2014-09-30,1063.0
1202,2014-10-01,1055.0
1203,2014-10-02,1041.0
1204,2014-10-03,1037.0
1205,2014-10-06,1029.0
1206,2014-10-07,1015.0
1207,2014-10-08,991.0
1208,2014-10-09,974.0
1209,2014-10-10,963.0
1210,2014-10-13,954.0
1211,2014-10-14,948.0
1212,2014-10-15,935.0
1213,2014-10-16,930.0
1214,2014-10-17,944.0
1215,2014-10-20,973.0
1216,2014-10-21,1090.0
1217,2014-10-22,1136.0
1218,2014-10-23,1155.0
1219,2014-10-24,1192.0
1220,2014-10-27,1285.0
1221,2014-10-28,1395.0
1222,2014-10-29,1428.0
1223,2014-10-30,1424.0
1224,2014-10-31,1428.0
1225,2014-11-03,1456.0
1226,2014-11-04,1484.0
1227,2014-11-05,1464.0
1228,2014-11-06,1436.0
1229,2014-11-07,1437.0
1230,2014-11-10,1418.0
1231,2014-11-11,1370.0
1232,2014-11-12,1327.0
1233,2014-11-13,1264.0
1234,2014-11-14,1256.0
1235,2014-11-17,1264.0
1236,2014-11-18,1296.0
1237,2014-11-19,1306.0
1238,2014-11-20,1332.0
1239,2014-11-21,1324.0
1240,2014-11-24,1317.0
1241,2014-11-25,1313.0
1242,2014-11-26,1239.0
1243,2014-11-27,1187.0
1244,2014-11-28,1153.0
1245,2014-12-01,1137.0
1246,2014-12-02,1119.0
1247,2014-12-03,1079.0
1248,2014-12-04,1019.0
1249,2014-12-05,982.0
1250,2014-12-08,952.0
1251,2014-12-09,933.0
1252,2014-12-10,911.0
1253,2014-12-11,887.0
1254,2014-12-12,863.0
1255,2014-12-15,845.0
1256,2014-12-16,838.0
1257,2014-12-17,827.0
1258,2014-12-18,814.0
1259,2014-12-19,803.0
1260,2014-12-22,794.0
1261,2014-12-23,788.0
1262,2014-12-24,782.0
1263,2015-01-02,771.0
1264,2015-01-05,761.0
1265,2015-01-06,758.0
1266,2015-01-07,744.0
1267,2015-01-08,724.0
1268,2015-01-09,709.0
1269,2015-01-12,723.0
1270,2015-01-13,762.0
1271,2015-01-14,757.0
1272,2015-01-15,749.0
1273,2015-01-16,741.0
1274,2015-01-19,739.0
1275,2015-01-20,753.0
1276,2015-01-21,770.0
1277,2015-01-22,751.0
1278,2015-01-23,720.0
1279,2015-01-26,703.0
1280,2015-01-27,688.0
1281,2015-01-28,666.0
1282,2015-01-29,632.0
1283,2015-01-30,608.0
1284,2015-02-02,590.0
1285,2015-02-03,577.0
1286,2015-02-04,569.0
1287,2015-02-05,564.0
1288,2015-02-06,559.0
1289,2015-02-09,554.0
1290,2015-02-10,556.0
1291,2015-02-11,553.0
1292,2015-02-12,540.0
1293,2015-02-13,530.0
1294,2015-02-16,522.0
1295,2015-02-17,516.0
1296,2015-02-18,509.0
1297,2015-02-19,511.0
1298,2015-02-20,513.0
1299,2015-02-23,512.0
1300,2015-02-24,516.0
1301,2015-02-25,524.0
1302,2015-02-26,533.0
1303,2015-02-27,540.0
1304,2015-03-02,548.0
1305,2015-03-03,553.0
1306,2015-03-04,559.0
1307,2015-03-05,561.0
1308,2015-03-06,565.0
1309,2015-03-09,568.0
1310,2015-03-10,568.0
1311,2015-03-11,565.0
1312,2015-03-12,560.0
1313,2015-03-13,562.0
1314,2015-03-16,564.0
1315,2015-03-17,568.0
1316,2015-03-18,571.0
1317,2015-03-19,584.0
1318,2015-03-20,591.0
1319,2015-03-23,594.0
1320,2015-03-24,597.0
1321,2015-03-25,598.0
1322,2015-03-26,598.0
1323,2015-03-27,596.0
1324,2015-03-30,599.0
1325,2015-03-31,602.0
1326,2015-04-01,596.0
1327,2015-04-02,588.0
1328,2015-04-07,583.0
1329,2015-04-08,580.0
1330,2015-04-09,580.0
1331,2015-04-10,580.0
1332,2015-04-13,578.0
1333,2015-04-14,581.0
1334,2015-04-15,586.0
1335,2015-04-16,593.0
1336,2015-04-17,597.0
1337,2015-04-20,598.0
1338,2015-04-21,601.0
1339,2015-04-22,600.0
1340,2015-04-23,599.0
1341,2015-04-24,600.0
1342,2015-04-27,600.0
1343,2015-04-28,601.0
1344,2015-04-29,595.0
1345,2015-04-30,591.0
1346,2015-05-01,587.0
1347,2015-05-05,580.0
1348,2015-05-06,575.0
1349,2015-05-07,573.0
1350,2015-05-08,574.0
1351,2015-05-11,578.0
1352,2015-05-12,589.0
1353,2015-05-13,634.0
1354,2015-05-14,637.0
1355,2015-05-15,634.0
1356,2015-05-18,630.0
1357,2015-05-19,620.0
1358,2015-05-20,606.0
1359,2015-05-21,592.0
1360,2015-05-22,586.0
1361,2015-05-26,584.0
1362,2015-05-27,587.0
1363,2015-05-28,588.0
1364,2015-05-29,589.0
1365,2015-06-01,589.0
1366,2015-06-02,591.0
1367,2015-06-03,598.0
1368,2015-06-04,603.0
1369,2015-06-05,610.0
1370,2015-06-08,610.0
1371,2015-06-09,612.0
1372,2015-06-10,618.0
1373,2015-06-11,629.0
1374,2015-06-12,642.0
1375,2015-06-15,656.0
1376,2015-06-16,681.0
1377,2015-06-17,725.0
1378,2015-06-18,773.0
1379,2015-06-19,779.0
1380,2015-06-22,779.0
1381,2015-06-23,790.0
1382,2015-06-24,829.0
1383,2015-06-25,829.0
1384,2015-06-26,823.0
1385,2015-06-29,813.0
1386,2015-06-30,800.0
1387,2015-07-01,794.0
1388,2015-07-02,794.0
1389,2015-07-03,805.0
1390,2015-07-06,815.0
1391,2015-07-07,830.0
1392,2015-07-08,840.0
1393,2015-07-09,853.0
1394,2015-07-10,874.0
1395,2015-07-13,900.0
1396,2015-07-14,915.0
1397,2015-07-15,951.0
1398,2015-07-16,1009.0
1399,2015-07-17,1048.0
1400,2015-07-20,1067.0
1401,2015-07-21,1113.0
1402,2015-07-22,1118.0
1403,2015-07-23,1102.0
1404,2015-07-24,1086.0
1405,2015-07-27,1090.0
1406,2015-07-28,1094.0
1407,2015-07-29,1104.0
1408,2015-07-30,1100.0
1409,2015-07-31,1131.0
1410,2015-08-03,1151.0
1411,2015-08-04,1200.0
1412,2015-08-05,1222.0
1413,2015-08-06,1201.0
1414,2015-08-07,1200.0
1415,2015-08-10,1197.0
1416,2015-08-11,1162.0
1417,2015-08-12,1093.0
1418,2015-08-13,1046.0
1419,2015-08-14,1055.0
1420,2015-08-17,1063.0
1421,2015-08-18,1046.0
1422,2015-08-19,1031.0
1423,2015-08-20,1014.0
1424,2015-08-21,994.0
1425,2015-08-24,968.0
1426,2015-08-25,942.0
1427,2015-08-26,918.0
1428,2015-08-27,905.0
1429,2015-08-28,903.0
1430,2015-09-01,911.0
1431,2015-09-02,906.0
1432,2015-09-03,891.0
1433,2015-09-04,875.0
1434,2015-09-07,876.0
1435,2015-09-08,873.0
1436,2015-09-09,855.0
1437,2015-09-10,830.0
1438,2015-09-11,818.0
1439,2015-09-14,805.0
1440,2015-09-15,802.0
1441,2015-09-16,814.0
1442,2015-09-17,883.0
1443,2015-09-18,960.0
1444,2015-09-21,978.0
1445,2015-09-22,923.0
1446,2015-09-23,917.0
1447,2015-09-24,922.0
1448,2015-09-25,943.0
1449,2015-09-28,943.0
1450,2015-09-29,926.0
1451,2015-09-30,900.0
1452,2015-10-01,888.0
1453,2015-10-02,889.0
1454,2015-10-05,881.0
1455,2015-10-06,869.0
1456,2015-10-07,841.0
1457,2015-10-08,817.0
1458,2015-10-09,809.0
1459,2015-10-12,809.0
1460,2015-10-13,804.0
1461,2015-10-14,787.0
1462,2015-10-15,766.0
1463,2015-10-16,754.0
1464,2015-10-19,747.0
1465,2015-10-20,762.0
1466,2015-10-21,780.0
1467,2015-10-22,786.0
1468,2015-10-23,774.0
1469,2015-10-26,759.0
1470,2015-10-27,739.0
1471,2015-10-28,736.0
1472,2015-10-29,728.0
1473,2015-10-30,721.0
1474,2015-11-02,706.0
1475,2015-11-03,680.0
1476,2015-11-04,657.0
1477,2015-11-05,640.0
1478,2015-11-06,631.0
1479,2015-11-09,628.0
1480,2015-11-10,622.0
1481,2015-11-11,599.0
1482,2015-11-12,579.0
1483,2015-11-13,560.0
1484,2015-11-16,550.0
1485,2015-11-17,537.0
1486,2015-11-18,519.0
1487,2015-11-19,504.0
1488,2015-11-20,498.0
1489,2015-11-23,516.0
1490,2015-11-24,528.0
1491,2015-11-25,546.0
1492,2015-11-26,562.0
1493,2015-11-27,581.0
1494,2015-11-30,584.0
1495,2015-12-01,598.0
1496,2015-12-02,590.0
1497,2015-12-03,574.0
1498,2015-12-04,563.0
1499,2015-12-07,551.0
1500,2015-12-08,551.0
1501,2015-12-09,546.0
1502,2015-12-10,534.0
1503,2015-12-11,522.0
1504,2015-12-14,508.0
1505,2015-12-15,484.0
1506,2015-12-16,471.0
1507,2015-12-17,471.0
1508,2015-12-18,477.0
1509,2015-12-20,478.0
1510,2015-12-21,478.0
1511,2015-12-22,474.0
1512,2015-12-23,475.0
1513,2015-12-24,478.0
1514,2016-01-04,473.0
1515,2016-01-05,468.0
1516,2016-01-06,467.0
1517,2016-01-07,445.0
1518,2016-01-08,429.0
1519,2016-01-11,415.0
1520,2016-01-12,402.0
1521,2016-01-13,394.0
1522,2016-01-14,383.0
1523,2016-01-15,373.0
1524,2016-01-18,369.0
1525,2016-01-19,363.0
1526,2016-01-20,358.0
1527,2016-01-21,355.0
1528,2016-01-22,354.0
1529,2016-01-25,354.0
1530,2016-01-26,345.0
1531,2016-01-27,337.0
1532,2016-01-28,325.0
1533,2016-01-29,317.0
1534,2016-02-01,314.0
1535,2016-02-02,310.0
1536,2016-02-03,303.0
1537,2016-02-04,298.0
1538,2016-02-12,291.0
1539,2016-02-15,295.0
1540,2016-02-16,301.0
1541,2016-02-17,307.0
1542,2016-02-18,313.0
1543,2016-02-19,315.0
1544,2016-02-22,316.0
1545,2016-02-23,318.0
1546,2016-02-24,322.0
1547,2016-02-25,325.0
1548,2016-02-26,327.0
1549,2016-02-29,329.0
1550,2016-03-01,332.0
1551,2016-03-02,335.0
1552,2016-03-03,342.0
1553,2016-03-04,349.0
1554,2016-03-07,354.0
1555,2016-03-08,366.0
1556,2016-03-09,376.0
1557,2016-03-10,384.0
1558,2016-03-11,388.0
1559,2016-03-14,393.0
1560,2016-03-15,396.0
1561,2016-03-16,393.0
1562,2016-03-17,392.0
1563,2016-03-18,395.0
1564,2016-03-21,398.0
1565,2016-03-22,398.0
1566,2016-03-23,401.0
1567,2016-03-24,406.0
1568,2016-03-29,409.0
1569,2016-03-30,414.0
1570,2016-03-31,429.0
1571,2016-04-04,471.0
1572,2016-04-05,487.0
1573,2016-04-06,500.0
1574,2016-04-07,517.0
1575,2016-04-08,539.0
1576,2016-04-11,555.0
1577,2016-04-12,560.0
1578,2016-04-13,567.0
1579,2016-04-14,597.0
1580,2016-04-15,635.0
1581,2016-04-18,659.0
1582,2016-04-19,671.0
1583,2016-04-20,669.0
1584,2016-04-21,670.0
1585,2016-04-22,688.0
1586,2016-04-25,690.0
1587,2016-04-26,704.0
1588,2016-04-27,715.0
1589,2016-04-28,710.0
1590,2016-04-29,703.0
1591,2016-05-03,682.0
1592,2016-05-04,652.0
1593,2016-05-05,642.0
1594,2016-05-06,631.0
1595,2016-05-09,616.0
1596,2016-05-10,594.0
1597,2016-05-11,579.0
1598,2016-05-12,579.0
1599,2016-05-13,600.0
1600,2016-05-16,613.0
1601,2016-05-17,643.0
1602,2016-05-18,642.0
1603,2016-05-19,634.0
1604,2016-05-20,625.0
1605,2016-05-23,624.0
1606,2016-05-24,618.0
1607,2016-05-25,605.0
1608,2016-05-26,601.0
1609,2016-05-27,606.0
1610,2016-05-31,612.0
1611,2016-06-01,612.0
1612,2016-06-02,606.0
1613,2016-06-03,610.0
1614,2016-06-06,607.0
1615,2016-06-07,606.0
1616,2016-06-10,610.0
1617,2016-06-13,609.0
1618,2016-06-14,608.0
1619,2016-06-15,604.0
1620,2016-06-16,598.0
1621,2016-06-17,587.0
1622,2016-06-20,582.0
1623,2016-06-21,580.0
1624,2016-06-22,585.0
1625,2016-06-23,596.0
1626,2016-06-24,609.0
1627,2016-06-27,616.0
1628,2016-06-28,627.0
1629,2016-06-29,640.0
1630,2016-06-30,660.0
1631,2016-07-01,677.0
1632,2016-07-04,688.0
1633,2016-07-05,692.0
1634,2016-07-06,694.0
1635,2016-07-07,699.0
1636,2016-07-08,703.0
1637,2016-07-11,704.0
1638,2016-07-12,711.0
1639,2016-07-13,726.0
1640,2016-07-14,738.0
1641,2016-07-15,745.0
1642,2016-07-18,748.0
1643,2016-07-19,746.0
1644,2016-07-20,736.0
1645,2016-07-21,726.0
1646,2016-07-22,718.0
1647,2016-07-25,709.0
1648,2016-07-26,696.0
1649,2016-07-27,679.0
1650,2016-07-28,665.0
1651,2016-07-29,656.0
1652,2016-08-01,650.0
1653,2016-08-02,645.0
1654,2016-08-03,641.0
1655,2016-08-04,636.0
1656,2016-08-05,636.0
1657,2016-08-08,636.0
1658,2016-08-09,631.0
1659,2016-08-10,638.0
1660,2016-08-11,653.0
1661,2016-08-12,671.0
1662,2016-08-15,681.0
1663,2016-08-16,687.0
1664,2016-08-17,685.0
1665,2016-08-18,682.0
1666,2016-08-19,683.0
1667,2016-08-22,687.0
1668,2016-08-23,692.0
1669,2016-08-24,706.0
1670,2016-08-25,718.0
1671,2016-08-26,720.0
1672,2016-08-30,715.0
1673,2016-08-31,711.0
1674,2016-09-01,712.0
1675,2016-09-02,720.0
1676,2016-09-05,724.0
1677,2016-09-06,745.0
1678,2016-09-07,773.0
1679,2016-09-08,792.0
1680,2016-09-09,804.0
1681,2016-09-12,804.0
1682,2016-09-13,796.0
1683,2016-09-14,756.0
1684,2016-09-15,764.0
1685,2016-09-16,800.0
1686,2016-09-19,836.0
1687,2016-09-20,865.0
1688,2016-09-21,903.0
1689,2016-09-22,937.0
1690,2016-09-23,941.0
1691,2016-09-26,934.0
1692,2016-09-27,930.0
1693,2016-09-28,912.0
1694,2016-09-29,888.0
1695,2016-09-30,875.0
1696,2016-10-03,864.0
1697,2016-10-04,860.0
1698,2016-10-05,869.0
1699,2016-10-06,915.0
1700,2016-10-07,921.0
1701,2016-10-10,922.0
1702,2016-10-11,922.0
1703,2016-10-12,906.0
1704,2016-10-13,885.0
1705,2016-10-14,892.0
1706,2016-10-17,894.0
1707,2016-10-18,890.0
1708,2016-10-19,872.0
1709,2016-10-20,849.0
1710,2016-10-21,842.0
1711,2016-10-24,831.0
1712,2016-10-25,813.0
1713,2016-10-26,802.0
1714,2016-10-27,798.0
1715,2016-10-28,834.0
1716,2016-10-31,857.0
1717,2016-11-01,838.0
1718,2016-11-02,834.0
1719,2016-11-03,849.0
1720,2016-11-04,855.0
1721,2016-11-07,870.0
1722,2016-11-08,911.0
1723,2016-11-09,954.0
1724,2016-11-10,974.0
1725,2016-11-11,1045.0
1726,2016-11-14,1065.0
1727,2016-11-15,1084.0
1728,2016-11-16,1145.0
1729,2016-11-17,1231.0
1730,2016-11-18,1257.0
1731,2016-11-21,1240.0
1732,2016-11-22,1232.0
1733,2016-11-23,1224.0
1734,2016-11-24,1201.0
1735,2016-11-25,1181.0
1736,2016-11-28,1184.0
1737,2016-11-29,1202.0
1738,2016-11-30,1204.0
1739,2016-12-01,1196.0
1740,2016-12-02,1198.0
1741,2016-12-05,1196.0
1742,2016-12-06,1186.0
1743,2016-12-07,1162.0
1744,2016-12-08,1122.0
1745,2016-12-09,1090.0
1746,2016-12-12,1069.0
1747,2016-12-13,1052.0
1748,2016-12-14,1003.0
1749,2016-12-15,966.0
1750,2016-12-16,946.0
1751,2016-12-19,927.0
1752,2016-12-20,914.0
1753,2016-12-21,926.0
1754,2016-12-22,928.0
1755,2016-12-23,961.0
1756,2017-01-03,953.0
1757,2017-01-04,969.0
1758,2017-01-05,983.0
1759,2017-01-06,963.0
1760,2017-01-09,949.0
1761,2017-01-10,926.0
1762,2017-01-11,894.0
1763,2017-01-12,892.0
1764,2017-01-13,910.0
1765,2017-01-16,925.0
1766,2017-01-17,922.0
1767,2017-01-18,952.0
1768,2017-01-19,942.0
1769,2017-01-20,925.0
1770,2017-01-23,914.0
1771,2017-01-24,886.0
1772,2017-01-25,862.0
1773,2017-01-26,840.0
1774,2017-01-27,827.0
1775,2017-01-30,816.0
1776,2017-01-31,800.0
1777,2017-02-01,786.0
1778,2017-02-02,770.0
1779,2017-02-03,752.0
1780,2017-02-06,735.0
1781,2017-02-07,714.0
1782,2017-02-08,702.0
1783,2017-02-09,707.0
1784,2017-02-10,702.0
1785,2017-02-13,688.0
1786,2017-02-14,685.0
1787,2017-02-15,688.0
1788,2017-02-16,710.0
1789,2017-02-17,741.0
1790,2017-02-20,757.0
1791,2017-02-21,778.0
1792,2017-02-22,806.0
1793,2017-02-23,856.0
1794,2017-02-24,875.0
1795,2017-02-27,878.0
1796,2017-02-28,859.0
1797,2017-03-01,871.0
1798,2017-03-02,904.0
1799,2017-03-03,939.0
1800,2017-03-06,979.0
1801,2017-03-07,1033.0
1802,2017-03-08,1045.0
1803,2017-03-09,1064.0
1804,2017-03-10,1086.0
1805,2017-03-13,1099.0
1806,2017-03-14,1112.0
1807,2017-03-15,1147.0
1808,2017-03-16,1172.0
1809,2017-03-17,1196.0
1810,2017-03-20,1205.0
1811,2017-03-21,1200.0
1812,2017-03-22,1190.0
1813,2017-03-23,1196.0
1814,2017-03-24,1240.0
1815,2017-03-27,1282.0
1816,2017-03-28,1333.0
1817,2017-03-29,1338.0
1818,2017-03-30,1324.0
1819,2017-03-31,1297.0
1820,2017-04-03,1282.0
1821,2017-04-04,1255.0
1822,2017-04-05,1223.0
1823,2017-04-06,1215.0
1824,2017-04-07,1223.0
1825,2017-04-10,1231.0
1826,2017-04-11,1262.0
1827,2017-04-12,1282.0
1828,2017-04-13,1296.0
1829,2017-04-18,1294.0
1830,2017-04-19,1278.0
1831,2017-04-20,1243.0
1832,2017-04-21,1195.0
1833,2017-04-24,1170.0
1834,2017-04-25,1154.0
1835,2017-04-26,1147.0
1836,2017-04-27,1134.0
1837,2017-04-28,1109.0
1838,2017-05-02,1073.0
1839,2017-05-03,1034.0
1840,2017-05-04,1004.0
1841,2017-05-05,994.0
1842,2017-05-08,1001.0
1843,2017-05-09,1007.0
1844,2017-05-10,1005.0
1845,2017-05-11,1012.0
1846,2017-05-12,1014.0
1847,2017-05-15,994.0
1848,2017-05-16,980.0
1849,2017-05-17,960.0
1850,2017-05-18,957.0
1851,2017-05-19,956.0
1852,2017-05-22,954.0
1853,2017-05-23,949.0
1854,2017-05-24,934.0
1855,2017-05-25,918.0
1856,2017-05-26,912.0
1857,2017-05-30,900.0
1858,2017-05-31,878.0
1859,2017-06-01,850.0
1860,2017-06-02,830.0
1861,2017-06-05,821.0
1862,2017-06-06,818.0
1863,2017-06-07,821.0
1864,2017-06-08,824.0
1865,2017-06-09,849.0
1866,2017-06-12,870.0
1867,2017-06-13,870.0
1868,2017-06-14,865.0
1869,2017-06-15,855.0
1870,2017-06-16,851.0
1871,2017-06-19,848.0
1872,2017-06-20,847.0
1873,2017-06-21,844.0
1874,2017-06-22,855.0
1875,2017-06-23,870.0
1876,2017-06-26,884.0
1877,2017-06-27,903.0
1878,2017-06-28,929.0
1879,2017-06-29,920.0
1880,2017-06-30,901.0
1881,2017-07-03,882.0
1882,2017-07-04,871.0
1883,2017-07-05,847.0
1884,2017-07-06,829.0
1885,2017-07-07,822.0
1886,2017-07-10,820.0
1887,2017-07-11,830.0
1888,2017-07-12,859.0
1889,2017-07-13,888.0
1890,2017-07-14,900.0
1891,2017-07-17,912.0
1892,2017-07-18,932.0
1893,2017-07-19,948.0
1894,2017-07-20,964.0
1895,2017-07-21,977.0
1896,2017-07-24,977.0
1897,2017-07-25,980.0
1898,2017-07-26,968.0
1899,2017-07-27,942.0
1900,2017-07-28,933.0
1901,2017-07-31,946.0
1902,2017-08-01,965.0
1903,2017-08-02,993.0
1904,2017-08-03,1023.0
1905,2017-08-04,1032.0
1906,2017-08-07,1036.0
1907,2017-08-08,1038.0
1908,2017-08-09,1050.0
1909,2017-08-10,1092.0
1910,2017-08-11,1138.0
1911,2017-08-14,1155.0
1912,2017-08-15,1169.0
1913,2017-08-16,1207.0
1914,2017-08-17,1247.0
1915,2017-08-18,1260.0
1916,2017-08-21,1266.0
1917,2017-08-22,1249.0
1918,2017-08-23,1222.0
1919,2017-08-24,1200.0
1920,2017-08-25,1209.0
1921,2017-08-28,1209.0
1922,2017-08-29,1203.0
1923,2017-08-30,1181.0
1924,2017-08-31,1184.0
1925,2017-09-01,1183.0
1926,2017-09-04,1187.0
1927,2017-09-05,1215.0
1928,2017-09-06,1250.0
1929,2017-09-07,1296.0
1930,2017-09-08,1332.0
1931,2017-09-11,1332.0
1932,2017-09-12,1344.0
1933,2017-09-13,1344.0
1934,2017-09-14,1361.0
1935,2017-09-15,1385.0
1936,2017-09-18,1398.0
1937,2017-09-19,1415.0
1938,2017-09-20,1449.0
1939,2017-09-21,1470.0
1940,2017-09-22,1502.0
1941,2017-09-25,1503.0
1942,2017-09-26,1476.0
1943,2017-09-27,1429.0
1944,2017-09-28,1391.0
1945,2017-09-29,1356.0
1946,2017-10-02,1328.0
1947,2017-10-03,1308.0
1948,2017-10-04,1320.0
1949,2017-10-05,1382.0
1950,2017-10-06,1405.0
1951,2017-10-09,1411.0
1952,2017-10-10,1418.0
1953,2017-10-11,1433.0
1954,2017-10-12,1458.0
1955,2017-10-13,1485.0
1956,2017-10-16,1523.0
1957,2017-10-17,1552.0
1958,2017-10-18,1566.0
1959,2017-10-19,1582.0
1960,2017-10-20,1578.0
1961,2017-10-23,1586.0
1962,2017-10-24,1588.0
1963,2017-10-25,1573.0
1964,2017-10-26,1555.0
1965,2017-10-27,1546.0
1966,2017-10-30,1534.0
1967,2017-10-31,1522.0
1968,2017-11-01,1496.0
1969,2017-11-02,1482.0
1970,2017-11-03,1476.0
1971,2017-11-06,1473.0
1972,2017-11-07,1477.0
1973,2017-11-08,1486.0
1974,2017-11-09,1481.0
1975,2017-11-10,1464.0
1976,2017-11-13,1455.0
1977,2017-11-14,1405.0
1978,2017-11-15,1374.0
1979,2017-11-16,1361.0
1980,2017-11-17,1371.0
1981,2017-11-20,1385.0
1982,2017-11-21,1396.0
1983,2017-11-22,1413.0
1984,2017-11-23,1445.0
1985,2017-11-24,1458.0
1986,2017-11-27,1477.0
1987,2017-11-28,1477.0
1988,2017-11-29,1536.0
1989,2017-11-30,1578.0
1990,2017-12-01,1626.0
1991,2017-12-04,1662.0
1992,2017-12-05,1666.0
1993,2017-12-06,1670.0
1994,2017-12-07,1679.0
1995,2017-12-08,1702.0
1996,2017-12-11,1727.0
1997,2017-12-12,1743.0
1998,2017-12-13,1730.0
1999,2017-12-14,1668.0
2000,2017-12-15,1619.0
2001,2017-12-18,1588.0
2002,2017-12-19,1547.0
2003,2017-12-20,1476.0
2004,2017-12-21,1430.0
2005,2017-12-22,1366.0
2006,2018-01-02,1230.0
2007,2018-01-03,1262.0
2008,2018-01-04,1341.0
2009,2018-01-05,1371.0
2010,2018-01-08,1385.0
2011,2018-01-09,1395.0
2012,2018-01-10,1366.0
2013,2018-01-11,1303.0
2014,2018-01-12,1279.0
2015,2018-01-15,1264.0
2016,2018-01-16,1221.0
2017,2018-01-17,1164.0
2018,2018-01-18,1139.0
2019,2018-01-19,1125.0
2020,2018-01-22,1129.0
2021,2018-01-23,1157.0
2022,2018-01-24,1200.0
2023,2018-01-25,1217.0
2024,2018-01-26,1219.0
2025,2018-01-29,1214.0
2026,2018-01-30,1191.0
2027,2018-01-31,1152.0
2028,2018-02-01,1114.0
2029,2018-02-02,1095.0
2030,2018-02-05,1082.0
2031,2018-02-06,1095.0
2032,2018-02-07,1097.0
2033,2018-02-08,1106.0
2034,2018-02-09,1106.0
2035,2018-02-12,1123.0
2036,2018-02-13,1114.0
2037,2018-02-15,1089.0
2038,2018-02-16,1084.0
2039,2018-02-19,1087.0
2040,2018-02-20,1117.0
2041,2018-02-21,1146.0
2042,2018-02-22,1167.0
2043,2018-02-23,1185.0
2044,2018-02-26,1191.0
2045,2018-02-27,1188.0
2046,2018-02-28,1192.0
2047,2018-03-01,1196.0
2048,2018-03-02,1207.0
2049,2018-03-05,1210.0
2050,2018-03-06,1212.0
2051,2018-03-07,1191.0
2052,2018-03-08,1197.0
2053,2018-03-09,1201.0
2054,2018-03-12,1192.0
2055,2018-03-13,1179.0
2056,2018-03-14,1169.0
2057,2018-03-15,1150.0
2058,2018-03-16,1143.0
2059,2018-03-19,1136.0
2060,2018-03-20,1122.0
2061,2018-03-21,1117.0
2062,2018-03-22,1117.0
2063,2018-03-23,1122.0
2064,2018-03-26,1126.0
2065,2018-03-27,1117.0
2066,2018-03-28,1080.0
2067,2018-03-29,1055.0
2068,2018-04-03,1016.0
2069,2018-04-04,977.0
2070,2018-04-05,953.0
2071,2018-04-06,948.0
2072,2018-04-09,952.0
2073,2018-04-10,974.0
2074,2018-04-11,979.0
2075,2018-04-12,993.0
2076,2018-04-13,1014.0
2077,2018-04-16,1025.0
2078,2018-04-17,1052.0
2079,2018-04-18,1124.0
2080,2018-04-19,1201.0
2081,2018-04-20,1281.0
2082,2018-04-23,1306.0
2083,2018-04-24,1330.0
2084,2018-04-25,1376.0
2085,2018-04-26,1375.0
2086,2018-04-27,1361.0
2087,2018-04-30,1341.0
2088,2018-05-01,1327.0
2089,2018-05-02,1346.0
2090,2018-05-03,1376.0
2091,2018-05-04,1384.0
2092,2018-05-08,1432.0
2093,2018-05-09,1465.0
2094,2018-05-10,1453.0
2095,2018-05-11,1472.0
2096,2018-05-14,1476.0
2097,2018-05-15,1468.0
2098,2018-05-16,1403.0
2099,2018-05-17,1305.0
2100,2018-05-18,1273.0
2101,2018-05-21,1239.0
2102,2018-05-22,1199.0
2103,2018-05-23,1162.0
2104,2018-05-24,1109.0
2105,2018-05-25,1077.0
2106,2018-05-29,1057.0
2107,2018-05-30,1042.0
2108,2018-05-31,1090.0
2109,2018-06-01,1156.0
2110,2018-06-04,1193.0
2111,2018-06-05,1249.0
2112,2018-06-06,1340.0
2113,2018-06-07,1395.0
2114,2018-06-08,1391.0
2115,2018-06-11,1387.0
2116,2018-06-12,1390.0
2117,2018-06-13,1404.0
2118,2018-06-14,1433.0
2119,2018-06-15,1445.0
2120,2018-06-18,1442.0
2121,2018-06-19,1419.0
2122,2018-06-20,1373.0
2123,2018-06-21,1347.0
2124,2018-06-22,1341.0
2125,2018-06-25,1333.0
2126,2018-06-26,1323.0
2127,2018-06-27,1309.0
2128,2018-06-28,1329.0
2129,2018-06-29,1385.0
2130,2018-07-02,1422.0
2131,2018-07-03,1476.0
2132,2018-07-04,1567.0
2133,2018-07-05,1612.0
2134,2018-07-06,1622.0
2135,2018-07-09,1609.0
2136,2018-07-10,1555.0
2137,2018-07-11,1586.0
2138,2018-07-12,1632.0
2139,2018-07-13,1666.0
2140,2018-07-16,1721.0
2141,2018-07-17,1688.0
2142,2018-07-18,1688.0
2143,2018-07-19,1657.0
2144,2018-07-20,1689.0
2145,2018-07-23,1718.0
2146,2018-07-24,1774.0
2147,2018-07-25,1772.0
2148,2018-07-26,1772.0
2149,2018-07-27,1708.0
2150,2018-07-30,1703.0
2151,2018-07-31,1747.0
2152,2018-08-01,1760.0
2153,2018-08-02,1756.0
2154,2018-08-03,1773.0
2155,2018-08-06,1773.0
2156,2018-08-07,1732.0
2157,2018-08-08,1704.0
2158,2018-08-09,1694.0
2159,2018-08-10,1691.0
2160,2018-08-13,1709.0
2161,2018-08-14,1725.0
2162,2018-08-15,1727.0
2163,2018-08-16,1720.0
2164,2018-08-17,1723.0
2165,2018-08-20,1727.0
2166,2018-08-21,1727.0
2167,2018-08-22,1735.0
2168,2018-08-23,1709.0
2169,2018-08-24,1697.0
2170,2018-08-27,1697.0
2171,2018-08-28,1684.0
2172,2018-08-29,1661.0
2173,2018-08-30,1614.0
2174,2018-08-31,1579.0
2175,2018-09-03,1557.0
2176,2018-09-04,1513.0
2177,2018-09-05,1477.0
2178,2018-09-06,1484.0
2179,2018-09-07,1490.0
2180,2018-09-10,1482.0
2181,2018-09-11,1439.0
2182,2018-09-12,1411.0
2183,2018-09-13,1382.0
2184,2018-09-14,1366.0
2185,2018-09-17,1357.0
2186,2018-09-18,1356.0
2187,2018-09-19,1373.0
2188,2018-09-20,1396.0
2189,2018-09-21,1413.0
2190,2018-09-24,1434.0
2191,2018-09-25,1450.0
2192,2018-09-26,1503.0
2193,2018-09-27,1524.0
2194,2018-09-28,1540.0
2195,2018-10-01,1555.0
2196,2018-10-02,1570.0
2197,2018-10-03,1574.0
2198,2018-10-04,1554.0
2199,2018-10-05,1536.0
2200,2018-10-08,1530.0
2201,2018-10-09,1503.0
2202,2018-10-10,1493.0
2203,2018-10-11,1515.0
2204,2018-10-12,1579.0
2205,2018-10-15,1584.0
2206,2018-10-16,1578.0
2207,2018-10-17,1554.0
2208,2018-10-18,1565.0
2209,2018-10-19,1576.0
2210,2018-10-22,1579.0
2211,2018-10-23,1577.0
2212,2018-10-24,1546.0
2213,2018-10-25,1516.0
2214,2018-10-26,1519.0
2215,2018-10-29,1522.0
2216,2018-10-30,1513.0
2217,2018-10-31,1490.0
2218,2018-11-01,1470.0
2219,2018-11-02,1457.0
2220,2018-11-05,1428.0
2221,2018-11-06,1395.0
2222,2018-11-07,1395.0
2223,2018-11-08,1231.0
2224,2018-11-09,1147.0
2225,2018-11-12,1125.0
2226,2018-11-13,1064.0
2227,2018-11-14,1009.0
2228,2018-11-15,1020.0
2229,2018-11-16,1031.0
2230,2018-11-19,1023.0
2231,2018-11-20,1003.0
2232,2018-11-21,1008.0
2233,2018-11-22,1018.0
2234,2018-11-23,1093.0
2235,2018-11-26,1217.0
2236,2018-11-27,1339.0
2237,2018-11-28,1330.0
2238,2018-11-29,1281.0
2239,2018-11-30,1231.0
2240,2018-12-03,1203.0
2241,2018-12-04,1237.0
2242,2018-12-05,1296.0
2243,2018-12-06,1339.0
2244,2018-12-07,1372.0
2245,2018-12-10,1385.0
2246,2018-12-11,1364.0
2247,2018-12-12,1353.0
2248,2018-12-13,1365.0
2249,2018-12-14,1401.0
2250,2018-12-17,1406.0
2251,2018-12-18,1395.0
2252,2018-12-19,1378.0
2253,2018-12-20,1318.0
2254,2018-12-21,1279.0
2255,2018-12-24,1271.0
2256,2018-12-25,1271.0
2257,2019-01-02,1282.0
2258,2019-01-03,1282.0
2259,2019-01-04,1260.0
2260,2019-01-07,1247.0
2261,2019-01-08,1262.0
2262,2019-01-09,1238.0
2263,2019-01-10,1189.0
2264,2019-01-11,1169.0
2265,2019-01-14,1147.0
2266,2019-01-15,1096.0
2267,2019-01-16,1055.0
2268,2019-01-17,1077.0
2269,2019-01-18,1112.0
2270,2019-01-21,1092.0
2271,2019-01-22,1036.0
2272,2019-01-23,982.0
2273,2019-01-24,939.0
2274,2019-01-25,905.0
2275,2019-01-28,852.0
2276,2019-01-29,797.0
2277,2019-01-30,721.0
2278,2019-01-31,668.0
2279,2019-02-01,645.0
2280,2019-02-04,634.0
2281,2019-02-05,629.0
2282,2019-02-06,629.0
2283,2019-02-07,610.0
2284,2019-02-08,601.0
2285,2019-02-11,595.0
2286,2019-02-12,598.0
2287,2019-02-13,608.0
2288,2019-02-14,628.0
2289,2019-02-15,639.0
2290,2019-02-18,643.0
2291,2019-02-19,635.0
2292,2019-02-20,622.0
2293,2019-02-21,630.0
2294,2019-02-22,634.0
2295,2019-02-25,637.0
2296,2019-02-26,649.0
2297,2019-02-27,651.0
2298,2019-02-28,658.0
2299,2019-03-01,664.0
2300,2019-03-04,669.0
2301,2019-03-05,663.0
2302,2019-03-06,664.0
2303,2019-03-07,657.0
2304,2019-03-08,649.0
2305,2019-03-11,645.0
2306,2019-03-12,647.0
2307,2019-03-13,654.0
2308,2019-03-14,677.0
2309,2019-03-15,730.0
2310,2019-03-18,721.0
2311,2019-03-19,712.0
2312,2019-03-20,709.0
2313,2019-03-21,695.0
2314,2019-03-22,690.0
2315,2019-03-25,689.0
2316,2019-03-26,683.0
2317,2019-03-27,690.0
2318,2019-03-28,692.0
2319,2019-03-29,689.0
2320,2019-04-01,685.0
2321,2019-04-02,674.0
2322,2019-04-03,672.0
2323,2019-04-04,699.0
2324,2019-04-05,711.0
2325,2019-04-08,714.0
2326,2019-04-09,725.0
2327,2019-04-10,734.0
2328,2019-04-11,728.0
2329,2019-04-12,726.0
2330,2019-04-15,738.0
2331,2019-04-16,749.0
2332,2019-04-17,767.0
2333,2019-04-18,790.0
2334,2019-04-23,821.0
2335,2019-04-24,850.0
2336,2019-04-25,869.0
2337,2019-04-26,889.0
2338,2019-04-29,913.0
2339,2019-04-30,1011.0
2340,2019-05-01,1031.0
2341,2019-05-02,1032.0
2342,2019-05-03,985.0
2343,2019-05-07,936.0
2344,2019-05-08,940.0
2345,2019-05-09,974.0
2346,2019-05-10,1013.0
2347,2019-05-13,1026.0
2348,2019-05-14,1043.0
2349,2019-05-15,1032.0
2350,2019-05-16,1032.0
2351,2019-05-17,1040.0
2352,2019-05-20,1041.0
2353,2019-05-21,1049.0
2354,2019-05-22,1059.0
2355,2019-05-23,1068.0
2356,2019-05-24,1066.0
2357,2019-05-28,1082.0
2358,2019-05-29,1107.0
2359,2019-05-30,1097.0
2360,2019-05-31,1096.0
2361,2019-06-03,1103.0
2362,2019-06-04,1122.0
2363,2019-06-05,1141.0
2364,2019-06-06,1138.0
2365,2019-06-07,1138.0
2366,2019-06-10,1125.0
2367,2019-06-11,1105.0
2368,2019-06-12,1080.0
2369,2019-06-13,1062.0
2370,2019-06-14,1085.0
2371,2019-06-17,1093.0
2372,2019-06-18,1135.0
2373,2019-06-19,1179.0
2374,2019-06-20,1194.0
2375,2019-06-21,1239.0
2376,2019-06-24,1258.0
2377,2019-06-25,1280.0
2378,2019-06-26,1317.0
2379,2019-06-27,1340.0
2380,2019-06-28,1354.0
2381,2019-07-01,1381.0
2382,2019-07-02,1446.0
2383,2019-07-03,1549.0
2384,2019-07-04,1700.0
2385,2019-07-05,1740.0
2386,2019-07-08,1725.0
2387,2019-07-09,1759.0
2388,2019-07-10,1777.0
2389,2019-07-11,1816.0
2390,2019-07-12,1865.0
2391,2019-07-15,1928.0
2392,2019-07-16,2011.0
2393,2019-07-17,2064.0
2394,2019-07-18,2130.0
2395,2019-07-19,2170.0
2396,2019-07-22,2191.0
2397,2019-07-23,2165.0
2398,2019-07-24,2014.0
2399,2019-07-25,1947.0
2400,2019-07-26,1937.0
2401,2019-07-29,1922.0
2402,2019-07-30,1899.0
2403,2019-07-31,1868.0
2404,2019-08-01,1812.0
2405,2019-08-02,1788.0
2406,2019-08-05,1774.0
2407,2019-08-06,1734.0
2408,2019-08-07,1712.0
2409,2019-08-08,1720.0
2410,2019-08-09,1748.0
2411,2019-08-12,1774.0
2412,2019-08-13,1864.0
2413,2019-08-14,1950.0
2414,2019-08-15,2047.0
2415,2019-08-16,2088.0
2416,2019-08-19,2067.0
2417,2019-08-20,2059.0
2418,2019-08-21,2061.0
2419,2019-08-22,2118.0
2420,2019-08-23,2168.0
2421,2019-08-27,2213.0
2422,2019-08-28,2267.0
2423,2019-08-29,2277.0
2424,2019-08-30,2378.0
2425,2019-09-02,2442.0
2426,2019-09-03,2501.0
2427,2019-09-04,2518.0
2428,2019-09-05,2499.0
2429,2019-09-06,2462.0
2430,2019-09-09,2422.0
2431,2019-09-10,2393.0
2432,2019-09-11,2366.0
2433,2019-09-12,2331.0
2434,2019-09-13,2312.0
2435,2019-09-16,2311.0
2436,2019-09-17,2283.0
2437,2019-09-18,2266.0
2438,2019-09-19,2192.0
2439,2019-09-20,2131.0
2440,2019-09-23,2108.0
2441,2019-09-24,2116.0
2442,2019-09-25,2053.0
2443,2019-09-26,1963.0
2444,2019-09-27,1857.0
2445,2019-09-30,1823.0
2446,2019-10-01,1809.0
2447,2019-10-02,1803.0
2448,2019-10-03,1757.0
2449,2019-10-04,1767.0
2450,2019-10-07,1770.0
2451,2019-10-08,1801.0
2452,2019-10-09,1873.0
2453,2019-10-10,1929.0
2454,2019-10-11,1924.0
2455,2019-10-14,1916.0
2456,2019-10-15,1898.0
2457,2019-10-16,1897.0
2458,2019-10-17,1861.0
2459,2019-10-18,1855.0
2460,2019-10-21,1846.0
2461,2019-10-22,1806.0
2462,2019-10-23,1779.0
2463,2019-10-24,1785.0
2464,2019-10-25,1801.0
2465,2019-10-28,1803.0
2466,2019-10-29,1802.0
2467,2019-10-30,1782.0
2468,2019-10-31,1731.0
2469,2019-11-01,1697.0
2470,2019-11-04,1675.0
2471,2019-11-05,1656.0
2472,2019-11-06,1533.0
2473,2019-11-07,1428.0
2474,2019-11-08,1378.0
2475,2019-11-11,1345.0
2476,2019-11-12,1354.0
2477,2019-11-13,1365.0
2478,2019-11-14,1364.0
2479,2019-11-15,1357.0
2480,2019-11-18,1338.0
2481,2019-11-19,1304.0
2482,2019-11-20,1260.0
2483,2019-11-21,1255.0
2484,2019-11-22,1284.0
2485,2019-11-25,1351.0
2486,2019-11-26,1426.0
2487,2019-11-27,1440.0
2488,2019-11-28,1467.0
2489,2019-11-29,1528.0
2490,2019-12-02,1568.0
2491,2019-12-03,1606.0
2492,2019-12-04,1599.0
2493,2019-12-05,1575.0
2494,2019-12-06,1558.0
2495,2019-12-09,1551.0
2496,2019-12-10,1528.0
2497,2019-12-11,1460.0
2498,2019-12-12,1388.0
2499,2019-12-13,1355.0
2500,2019-12-16,1315.0
2501,2019-12-17,1281.0
2502,2019-12-18,1221.0
2503,2019-12-19,1151.0
2504,2019-12-20,1123.0
2505,2019-12-23,1103.0
2506,2019-12-24,1090.0
2507,2020-01-02,976.0
2508,2020-01-03,907.0
2509,2020-01-06,844.0
2510,2020-01-07,791.0
2511,2020-01-08,773.0
2512,2020-01-09,772.0
2513,2020-01-10,774.0
2514,2020-01-13,765.0
2515,2020-01-14,763.0
2516,2020-01-15,768.0
2517,2020-01-16,768.0
2518,2020-01-17,754.0
2519,2020-01-20,729.0
2520,2020-01-21,689.0
2521,2020-01-22,623.0
2522,2020-01-23,576.0
2523,2020-01-24,557.0
2524,2020-01-27,546.0
2525,2020-01-28,539.0
2526,2020-01-29,525.0
2527,2020-01-30,498.0
2528,2020-01-31,487.0
2529,2020-02-03,466.0
2530,2020-02-04,453.0
2531,2020-02-05,430.0
2532,2020-02-06,431.0
2533,2020-02-07,415.0
2534,2020-02-10,411.0
2535,2020-02-11,418.0
2536,2020-02-12,421.0
2537,2020-02-13,421.0
2538,2020-02-14,425.0
2539,2020-02-17,434.0
2540,2020-02-18,450.0
2541,2020-02-19,465.0
2542,2020-02-20,480.0
2543,2020-02-21,497.0
2544,2020-02-24,506.0
2545,2020-02-25,508.0
2546,2020-02-26,517.0
2547,2020-02-27,529.0
2548,2020-02-28,535.0
2549,2020-03-02,539.0
2550,2020-03-03,549.0
2551,2020-03-04,562.0
2552,2020-03-05,599.0
2553,2020-03-06,617.0
2554,2020-03-09,616.0
2555,2020-03-10,627.0
2556,2020-03-11,631.0
2557,2020-03-12,633.0
2558,2020-03-13,631.0
2559,2020-03-16,623.0
2560,2020-03-17,612.0
2561,2020-03-18,629.0
2562,2020-03-19,630.0
2563,2020-03-20,625.0
2564,2020-03-23,617.0
2565,2020-03-24,603.0
2566,2020-03-25,582.0
2567,2020-03-26,569.0
2568,2020-03-27,556.0
2569,2020-03-30,548.0
2570,2020-03-31,626.0
2571,2020-04-01,624.0
2572,2020-04-02,624.0
2573,2020-04-03,616.0
2574,2020-04-06,604.0
2575,2020-04-07,596.0
2576,2020-04-08,607.0
2577,2020-04-09,635.0
2578,2020-04-14,679.0
2579,2020-04-15,706.0
2580,2020-04-16,726.0
2581,2020-04-17,751.0
2582,2020-04-20,757.0
2583,2020-04-21,728.0
2584,2020-04-22,694.0
2585,2020-04-23,672.0
2586,2020-04-24,665.0
2587,2020-04-27,661.0
2588,2020-04-28,655.0
2589,2020-04-29,643.0
2590,2020-04-30,635.0
2591,2020-05-01,617.0
2592,2020-05-04,598.0
2593,2020-05-05,575.0
2594,2020-05-06,534.0
2595,2020-05-07,514.0
2596,2020-05-11,474.0
2597,2020-05-12,433.0
2598,2020-05-13,398.0
2599,2020-05-14,393.0
2600,2020-05-15,407.0
2601,2020-05-18,427.0
2602,2020-05-19,453.0
2603,2020-05-20,477.0
2604,2020-05-21,494.0
2605,2020-05-22,498.0
2606,2020-05-26,506.0
2607,2020-05-27,502.0
2608,2020-05-28,489.0
2609,2020-05-29,504.0
2610,2020-06-01,520.0
2611,2020-06-02,546.0
2612,2020-06-03,592.0
2613,2020-06-04,632.0
2614,2020-06-05,679.0
2615,2020-06-08,698.0
2616,2020-06-09,714.0
2617,2020-06-10,764.0
2618,2020-06-11,839.0
2619,2020-06-12,923.0
2620,2020-06-15,973.0
2621,2020-06-16,1054.0
2622,2020-06-17,1246.0
2623,2020-06-18,1527.0
2624,2020-06-19,1555.0
2625,2020-06-22,1558.0
2626,2020-06-23,1617.0
2627,2020-06-24,1705.0
2628,2020-06-25,1738.0
2629,2020-06-26,1749.0
2630,2020-06-29,1794.0
2631,2020-06-30,1799.0
2632,2020-07-01,1803.0
2633,2020-07-02,1823.0
2634,2020-07-03,1894.0
2635,2020-07-06,1956.0
2636,2020-07-07,1949.0
2637,2020-07-08,1849.0
2638,2020-07-09,1810.0
2639,2020-07-10,1810.0
2640,2020-07-13,1792.0
2641,2020-07-14,1742.0
2642,2020-07-15,1696.0
2643,2020-07-16,1699.0
2644,2020-07-17,1710.0
2645,2020-07-20,1678.0
2646,2020-07-21,1594.0
2647,2020-07-22,1473.0
2648,2020-07-23,1388.0
2649,2020-07-24,1317.0
2650,2020-07-27,1293.0
2651,2020-07-28,1264.0
2652,2020-07-29,1317.0
2653,2020-07-30,1348.0
2654,2020-07-31,1350.0
2655,2020-08-03,1385.0
2656,2020-08-04,1463.0
2657,2020-08-05,1475.0
2658,2020-08-06,1500.0
2659,2020-08-07,1501.0
2660,2020-08-10,1506.0
2661,2020-08-11,1510.0
2662,2020-08-12,1540.0
2663,2020-08-13,1577.0
2664,2020-08-14,1595.0
2665,2020-08-17,1598.0
2666,2020-08-18,1586.0
2667,2020-08-19,1568.0
2668,2020-08-20,1518.0
2669,2020-08-21,1481.0
2670,2020-08-24,1491.0
2671,2020-08-25,1518.0
2672,2020-08-26,1509.0
2673,2020-08-27,1504.0
2674,2020-08-28,1488.0
2675,2020-08-31,1488.0
2676,2020-09-01,1471.0
2677,2020-09-02,1445.0
2678,2020-09-03,1395.0
2679,2020-09-04,1362.0
2680,2020-09-07,1349.0
2681,2020-09-08,1328.0
2682,2020-09-09,1296.0
2683,2020-09-10,1269.0
2684,2020-09-11,1267.0
2685,2020-09-14,1282.0
2686,2020-09-15,1289.0
2687,2020-09-16,1281.0
2688,2020-09-17,1294.0
2689,2020-09-18,1296.0
2690,2020-09-21,1314.0
2691,2020-09-22,1364.0
2692,2020-09-23,1426.0
2693,2020-09-24,1605.0
2694,2020-09-25,1667.0
2695,2020-09-28,1654.0
2696,2020-09-29,1658.0
2697,2020-09-30,1725.0
2698,2020-10-01,1869.0
2699,2020-10-02,2020.0
2700,2020-10-05,2071.0
2701,2020-10-06,2097.0
2702,2020-10-07,2044.0
2703,2020-10-08,1970.0
2704,2020-10-09,1892.0
2705,2020-10-12,1807.0
2706,2020-10-13,1732.0
2707,2020-10-14,1637.0
2708,2020-10-15,1561.0
2709,2020-10-16,1477.0
2710,2020-10-19,1409.0
2711,2020-10-20,1350.0
2712,2020-10-21,1346.0
2713,2020-10-22,1401.0
2714,2020-10-23,1415.0
2715,2020-10-26,1402.0
2716,2020-10-27,1413.0
2717,2020-10-28,1384.0
2718,2020-10-29,1297.0
2719,2020-10-30,1283.0
2720,2020-11-02,1284.0
2721,2020-11-03,1263.0
2722,2020-11-04,1224.0
2723,2020-11-05,1194.0
2724,2020-11-06,1196.0
2725,2020-11-09,1207.0
2726,2020-11-10,1200.0
2727,2020-11-11,1141.0
2728,2020-11-12,1124.0
2729,2020-11-13,1115.0
2730,2020-11-16,1111.0
2731,2020-11-17,1112.0
2732,2020-11-18,1115.0
2733,2020-11-19,1134.0
2734,2020-11-20,1148.0
2735,2020-11-23,1169.0
2736,2020-11-24,1178.0
2737,2020-11-25,1197.0
2738,2020-11-26,1219.0
2739,2020-11-27,1230.0
2740,2020-11-30,1227.0
2741,2020-12-01,1211.0
2742,2020-12-02,1201.0
2743,2020-12-03,1189.0
2744,2020-12-04,1197.0
2745,2020-12-07,1162.0
2746,2020-12-08,1121.0
2747,2020-12-09,1122.0
2748,2020-12-10,1161.0
2749,2020-12-11,1211.0
2750,2020-12-14,1235.0
2751,2020-12-15,1273.0
2752,2020-12-16,1296.0
2753,2020-12-17,1301.0
2754,2020-12-18,1325.0
2755,2020-12-21,1323.0
2756,2020-12-22,1330.0
2757,2020-12-23,1362.0
2758,2020-12-24,1366.0
2759,2021-01-04,1374.0
2760,2021-01-05,1418.0
2761,2021-01-06,1425.0
2762,2021-01-07,1448.0
2763,2021-01-08,1606.0
2764,2021-01-11,1761.0
2765,2021-01-12,1849.0
2766,2021-01-13,1856.0
2767,2021-01-14,1792.0
2768,2021-01-15,1754.0
2769,2021-01-18,1740.0
2770,2021-01-19,1766.0
2771,2021-01-20,1828.0
2772,2021-01-21,1837.0
2773,2021-01-22,1810.0
2774,2021-01-25,1765.0
2775,2021-01-26,1659.0
2776,2021-01-27,1540.0
2777,2021-01-28,1470.0
2778,2021-01-29,1452.0
2779,2021-02-01,1444.0
2780,2021-02-02,1380.0
2781,2021-02-03,1327.0
2782,2021-02-04,1327.0
2783,2021-02-05,1333.0
2784,2021-02-08,1317.0
2785,2021-02-09,1306.0
2786,2021-02-10,1303.0
2787,2021-02-11,1313.0
2788,2021-02-12,1339.0
2789,2021-02-15,1364.0
2790,2021-02-16,1495.0
2791,2021-02-17,1756.0
2792,2021-02-18,1770.0
2793,2021-02-19,1698.0
2794,2021-02-22,1709.0
2795,2021-02-23,1727.0
2796,2021-02-24,1709.0
2797,2021-02-25,1700.0
2798,2021-02-26,1675.0
2799,2021-03-01,1651.0
2800,2021-03-02,1673.0
2801,2021-03-03,1763.0
2802,2021-03-04,1779.0
2803,2021-03-05,1829.0
2804,2021-03-08,1853.0
2805,2021-03-09,1901.0
2806,2021-03-10,1980.0
2807,2021-03-11,1970.0
2808,2021-03-12,1960.0
2809,2021-03-15,1983.0
2810,2021-03-16,2017.0
2811,2021-03-17,2105.0
2812,2021-03-18,2215.0
2813,2021-03-19,2281.0
2814,2021-03-22,2319.0
2815,2021-03-23,2271.0
2816,2021-03-24,2194.0
2817,2021-03-25,2172.0
2818,2021-03-26,2178.0
2819,2021-03-29,2162.0
2820,2021-03-30,2103.0
2821,2021-03-31,2046.0
2822,2021-04-01,2072.0
2823,2021-04-06,2092.0
2824,2021-04-07,2127.0
2825,2021-04-08,2088.0
2826,2021-04-09,2085.0
2827,2021-04-12,2145.0
2828,2021-04-13,2140.0
2829,2021-04-14,2178.0
2830,2021-04-15,2323.0
2831,2021-04-16,2385.0
2832,2021-04-19,2432.0
2833,2021-04-20,2472.0
2834,2021-04-21,2710.0
2835,2021-04-22,2750.0
2836,2021-04-23,2788.0
2837,2021-04-26,2808.0
2838,2021-04-27,2889.0
2839,2021-04-28,2957.0
2840,2021-04-29,3007.0
2841,2021-04-30,3053.0
2842,2021-05-04,3157.0
2843,2021-05-05,3266.0
2844,2021-05-06,3212.0
2845,2021-05-07,3183.0
2846,2021-05-10,3240.0
2847,2021-05-11,3254.0
2848,2021-05-12,3139.0
2849,2021-05-13,3077.0
2850,2021-05-14,2939.0
2851,2021-05-17,2856.0
2852,2021-05-18,2795.0
2853,2021-05-19,2801.0
2854,2021-05-20,2824.0
2855,2021-05-21,2869.0
2856,2021-05-24,2881.0
2857,2021-05-25,2809.0
2858,2021-05-26,2754.0
2859,2021-05-27,2688.0
2860,2021-05-28,2596.0
2861,2021-06-01,2568.0
2862,2021-06-02,2530.0
2863,2021-06-03,2472.0
2864,2021-06-04,2438.0
2865,2021-06-07,2428.0
2866,2021-06-08,2420.0
2867,2021-06-09,2481.0
2868,2021-06-10,2669.0
2869,2021-06-11,2857.0
2870,2021-06-14,2944.0
2871,2021-06-15,3025.0
2872,2021-06-16,3176.0
2873,2021-06-17,3267.0
2874,2021-06-18,3218.0
2875,2021-06-21,3190.0
2876,2021-06-22,3119.0
2877,2021-06-23,3147.0
2878,2021-06-24,3175.0
2879,2021-06-25,3255.0
2880,2021-06-28,3324.0
2881,2021-06-29,3418.0
2882,2021-06-30,3383.0
