allTrainRMSE_LSTM,allTestRMSE_LSTM,mseloss_train_LSTM,mseloss_test_LSTM,allTrainRMSE_GRU,allTestRMSE_GRU,mseloss_train_GRU,mseloss_test_GRU
2.1403113365086632,22.11900325909333,0.0048630633391439915,0.5193821787834167,12.57508819124455,6.110190724893952,0.16787190735340118,0.03963378071784973
10.849728038561251,14.465852715114675,0.12496649473905563,0.2221488505601883,8.611380175690389,16.880184027224608,0.07872296869754791,0.3024894893169403
3.5879190658746194,10.041879696518748,0.013665994629263878,0.1070498377084732,6.027002924481535,15.425782239174444,0.03856193274259567,0.25260987877845764
2.4475186179897577,9.32683632286195,0.006359280552715063,0.0923473984003067,5.298134983058289,9.991372392110707,0.029799021780490875,0.1059756875038147
3.22905968929823,9.74806350648501,0.01106899231672287,0.10087711364030838,1.8890130603716424,7.420206946600014,0.0037881392054259777,0.05845046788454056
2.828010093082832,10.367959448699768,0.008490199223160744,0.11411495506763458,4.683354286518037,7.901594034968959,0.023284664377570152,0.06628044694662094
2.2767780314510877,11.008938365618562,0.0055029732175171375,0.12866097688674927,4.088354150962988,10.25941258405296,0.01774406060576439,0.11173802614212036
1.9096175918430411,11.60872634985511,0.003871228778734803,0.1430622786283493,1.8675776756300442,13.073160156576227,0.0037026559002697468,0.18143334984779358
1.8326093009836766,12.08654097152076,0.0035652979277074337,0.15508149564266205,2.9689597607844447,13.919028319722408,0.009357599541544914,0.20567135512828827
1.9653946273028438,12.341987735161739,0.0041006761603057384,0.16170603036880493,3.698134653176504,12.850551465740013,0.014518488198518753,0.17530709505081177
2.09750382706085,12.371664811574913,0.00467047980055213,0.16248461604118347,2.659147948132746,11.079411742641767,0.007506559137254953,0.13031348586082458
2.117710963777809,12.241439007710335,0.004760903771966696,0.15908195078372955,1.7564756608205687,9.684966512847655,0.003275218652561307,0.09957543760538101
2.0462212137237663,12.02191957604811,0.004444891586899757,0.15342764556407928,2.552870357893049,9.25530317719822,0.006918525788933039,0.09093630313873291
1.9428692530306686,11.768936805640356,0.004007219336926937,0.1470382958650589,3.0101863856605315,9.625803728110675,0.00961928442120552,0.09836260229349136
1.8572177072783884,11.522099366162008,0.0036616900470107794,0.14093512296676636,2.6144975645630657,10.541173589179103,0.007256586570292711,0.11795976758003235
1.8123668095552068,11.306704221998979,0.0034869692754000425,0.135715052485466,1.8846443097695977,11.653329109988404,0.00377063755877316,0.14416374266147614
1.8066098762163705,11.13575173644958,0.003464852226898074,0.1316421926021576,1.8371566944813158,12.443578107136164,0.0035830135457217693,0.1643790751695633
1.824990674870326,11.012877815684833,0.003535715863108635,0.12875309586524963,2.3515221475072874,12.55260050909833,0.005870217457413673,0.16727203130722046
1.8510632707075345,10.936139703356396,0.0036374619230628014,0.1269650161266327,2.472935761718386,12.0573029860683,0.006492047104984522,0.15433211624622345
1.872904178406605,10.901066551174019,0.0037238062359392643,0.1261519491672516,2.103532286341571,11.252547590235192,0.004697366151958704,0.1344180852174759
1.8842467231170312,10.902208688925148,0.0037690470926463604,0.12617839872837067,1.7165151458214258,10.48239439947722,0.0031278885435312986,0.11664789915084839
1.8835509185794446,10.933662482478674,0.0037662633694708347,0.12690751254558563,1.8071587886571159,10.003433401066372,0.003466958412900567,0.1062316969037056
1.8726119410588689,10.989224791742023,0.003722644643858075,0.12820060551166534,2.088743800959357,9.917945672482013,0.0046315486542880535,0.10442378371953964
1.8552022320923531,11.06248758606295,0.0036537472624331713,0.12991568446159363,2.1256445860752535,10.195678049600884,0.00479664234444499,0.11035402119159698
1.8358340619755755,11.14694792026103,0.0035778561141341925,0.13190703094005585,1.879471342955699,10.708460548525915,0.0037499673198908567,0.12173348665237427
1.8186728497164228,11.236148020512509,0.0035112774930894375,0.13402657210826874,1.6284980536903977,11.257123599129319,0.0028153376188129187,0.13452742993831635
1.8066769817921176,11.323852912122739,0.003465109970420599,0.1361270397901535,1.6895919125390482,11.5837569856813,0.0030305366963148117,0.14244751632213593
1.801085009990106,11.404279982914789,0.003443692810833454,0.1380675882101059,1.883223492730424,11.537898764946599,0.0037649536971002817,0.14132188260555267
1.8013524537661165,11.472381598900084,0.0034447158686816692,0.13972146809101105,1.8624496043510972,11.174711110180706,0.0036823491100221872,0.13256490230560303
1.8055434405906676,11.524156492400133,0.003460762556642294,0.14098545908927917,1.6526619534909368,10.666721423326456,0.0028995058964937925,0.12078636139631271
1.811037328435439,11.556941495418052,0.0034818558488041162,0.14178875088691711,1.5181148566719502,10.219576834262108,0.002446612576022744,0.11087197810411453
1.8153212721670648,11.569598354268896,0.003498347941786051,0.1420994997024536,1.593764735135046,9.976411081955868,0.00269652483984828,0.10565855354070663
1.8166290474709228,11.56256070507713,0.003503390122205019,0.14192667603492737,1.6744152272437407,9.98514712695675,0.0029763388447463512,0.1058436781167984
1.8142760552770316,11.537697083018438,0.00349432067014277,0.1413169652223587,1.5890190366129229,10.205336607073374,0.0026804902590811253,0.11056320369243622
1.8086484567100696,11.498032774802379,0.0034726765006780624,0.1403469741344452,1.4180277662369984,10.512961607243275,0.002134644193574786,0.1173292025923729
1.8009105313247928,11.44738075915697,0.003443025052547455,0.1391131728887558,1.3915301602433057,10.706235647999174,0.0020556123927235603,0.12168288975954056
1.7925540220028813,11.389947146325735,0.0034111475106328726,0.1377207487821579,1.4859038661034392,10.614137010609033,0.0023438907228410244,0.1195983961224556
1.7849388741464194,11.329954728307957,0.003382226452231407,0.1362738013267517,1.4532803688255815,10.258423484160279,0.002242098795250058,0.11171648651361465
1.7789424874120854,11.271333261474036,0.0033595396671444178,0.13486726582050323,1.2871643425140347,9.829693352232601,0.0017588302725926042,0.10257367044687271
1.774795818674021,11.217470398930363,0.003343896009027958,0.13358135521411896,1.2217790180567119,9.521785051342256,0.0015846791211515665,0.09624821692705154
1.7721134570291317,11.171053086571037,0.0033337962813675404,0.13247811794281006,1.2774339929836116,9.424670258680846,0.0017323392676189542,0.09429492056369781
1.7700762383157607,11.133967182443397,0.0033261352218687534,0.13159999251365662,1.224059497088444,9.516065164542555,0.0015906004700809717,0.09613261371850967
1.7676910195732545,11.107265095000884,0.003317177528515458,0.13096950948238373,1.0576058595848505,9.668250074821055,0.0011874183546751738,0.09923199564218521
1.7640523067210276,11.09116077563905,0.0033035348169505596,0.13059002161026,1.0378740440712502,9.67577849023477,0.0011435236083343625,0.09938658773899078
1.7585424645367134,11.085077210717936,0.003282930701971054,0.13044679164886475,1.0889269072573513,9.437712205938944,0.0012587901437655091,0.09455608576536179
1.7509373470580705,11.087704324828662,0.0032545968424528837,0.1305086314678192,0.9419997944011586,9.103534691100503,0.0009420143906027079,0.08797840029001236
1.7414082379541564,11.097082191021967,0.003219268284738064,0.13072949647903442,0.8637839877318898,8.882521759616386,0.0007920749485492706,0.08375845104455948
1.7304285186844233,11.110680440397555,0.003178800456225872,0.13105008006095886,0.9346825224381337,8.859562301674169,0.0009274363983422518,0.08332600444555283
1.7186087810414996,11.125476269760496,0.0031355232931673527,0.13139933347702026,0.8318151632179335,8.969495576180039,0.0007345303311012685,0.08540670573711395
1.7064858968684558,11.138022013032339,0.003091443795710802,0.13169586658477783,0.7508198707324835,9.023763437701026,0.0005984494346193969,0.08644330501556396
1.6943013212422062,11.144545626305133,0.003047454636543989,0.13185016810894012,0.831571747600481,8.894933960333343,0.000734100176487118,0.08399267494678497
1.6818169159146354,11.141142031962755,0.0030027106404304504,0.13176964223384857,0.7205163150160552,8.701715707962828,0.0005511165945790708,0.0803832933306694
1.668235811031122,11.124141702868059,0.0029544103890657425,0.13136783242225647,0.6890800266242657,8.621292423090264,0.0005040752002969384,0.07890431582927704
1.6522921651088238,11.090655859772331,0.002898208796977997,0.13057813048362732,0.7364039293524173,8.721086086566103,0.0005756894242949784,0.08074155449867249
1.632547822517615,11.039252903855992,0.0028293572831898928,0.1293705254793167,0.6384647978605769,8.86555429618,0.0004327428760007024,0.08343875408172607
1.6078490643287136,10.97058020643931,0.0027443943545222282,0.1277659684419632,0.6335959588516811,8.827565403309512,0.0004261680587660521,0.08272520452737808
1.5777718932679334,10.887614683823907,0.002642679028213024,0.12584081292152405,0.6469695008398878,8.617087452671708,0.00044434823212213814,0.07882735878229141
1.5427073583228486,10.795163760124723,0.0025265219155699015,0.12371275573968887,0.5635646704904524,8.45397425984565,0.000337165838573128,0.07587134093046188
1.5032412160886086,10.698602988053912,0.002398906508460641,0.12150946259498596,0.6046166607666323,8.491650688098952,0.0003880755102727562,0.07654912769794464
1.4590197537178486,10.602300833261824,0.0022598435170948505,0.11933181434869766,0.5671996774758631,8.708927213383276,0.00034152920125052333,0.08051656186580658
1.4081011985260603,10.508119622602784,0.0021048623602837324,0.1172211691737175,0.5209171482039814,8.87972724633129,0.000288066832581535,0.08370573073625565
1.3479359654377026,10.414036492489092,0.0019288323819637299,0.11513149738311768,0.5600162080990727,8.779600375385252,0.0003329331520944834,0.08182866871356964
1.2777240432046315,10.313235354937273,0.0017331260023638606,0.11291348934173584,0.49168896025153147,8.596313538099485,0.0002566473849583417,0.07844774425029755
1.1988627250105826,10.195778320895744,0.001525790779851377,0.11035621911287308,0.5104101498505691,8.585679804481304,0.00027656342717818916,0.07825378328561783
1.1102667434759546,10.055414773741193,0.001308611361309886,0.10733860731124878,0.49967002411056416,8.73206474855456,0.0002650468668434769,0.0809449851512909
1.0076678859839179,9.896206261818962,0.001077930792234838,0.10396651178598404,0.4568101396978551,8.786868649806102,0.00022152741439640522,0.08196420967578888
0.8937796554447173,9.728796571367436,0.0008480412652716041,0.10047875344753265,0.48588106373506,8.628325332697823,0.00025062027270905674,0.07903309911489487
0.7727210454511378,9.558554639529714,0.0006338719394989312,0.09699300676584244,0.43890572256923666,8.447513318261596,0.00020450241572689265,0.07575543969869614
0.6548301231879723,9.377430918557824,0.00045521152787841856,0.09335202723741531,0.45227691604666387,8.44098461392043,0.0002171524683944881,0.07563837617635727
0.5932956262011607,9.181771704884902,0.00037367860204540193,0.08949709683656693,0.4415960832042468,8.580909707809203,0.00020701724861282855,0.07816685736179352
0.5930438611051109,9.024114727021445,0.00037336157402023673,0.08645004034042358,0.4141042436394726,8.673208213253572,0.00018204358639195561,0.07985746115446091
0.6602240533262289,8.929068903551759,0.000462741736555472,0.0846385657787323,0.43174378211023057,8.59621946053449,0.0001978829241124913,0.07844602316617966
0.725534347404667,8.870963884727557,0.0005588199710473418,0.08354061096906662,0.4002040335215555,8.469366635328363,0.0001700274005997926,0.07614787667989731
0.7293000689591365,8.8918061502582,0.0005646357894875109,0.08393362164497375,0.4103008923482988,8.442527347031284,0.00017871502495836467,0.07566602528095245
0.6667603610677998,8.965402011484988,0.0004719494900200516,0.08532877266407013,0.39901155369147673,8.497531307978695,0.00016901569324545562,0.07665518671274185
0.5652653483332057,9.051194288158452,0.00033920377609319985,0.08696966618299484,0.38373990508479316,8.503495787780045,0.0001563255354994908,0.0767628401517868
0.44944120786832525,9.138703807849211,0.000214437983231619,0.08865948021411896,0.3951372647806113,8.4158109727235,0.00016574945766478777,0.07518789172172546
0.41507119447079904,9.212793527220466,0.0001828947279136628,0.09010286629199982,0.372678764830722,8.336010261368248,0.00014744338113814592,0.07376877218484879
0.46059367724251843,9.250541052588492,0.0002252122067147866,0.09084275364875793,0.37997686403516184,8.356486340121469,0.00015327461005654186,0.07413162291049957
0.508746623138168,9.243806157125311,0.0002747635298874229,0.09071049839258194,0.3706512221891146,8.435448065018075,0.0001458434999221936,0.07553917914628983
0.5186881488097771,9.20786524714974,0.0002856068895198405,0.0900065004825592,0.3629924898106299,8.45251259550946,0.00013987862621434033,0.07584511488676071
0.49778935375630473,9.163420593726944,0.00026305540814064443,0.08913972228765488,0.3683222423296174,8.372435219742764,0.00014401637599803507,0.07441484183073044
0.4524906585319246,9.118001265766502,0.0002173578250221908,0.08825823664665222,0.3531528318459311,8.285771355643831,0.00013239799591246992,0.0728822648525238
0.39978992712581024,9.063736614174797,0.00016967573901638389,0.08721084892749786,0.35839554788115807,8.278834958879612,0.0001363581686746329,0.07276030629873276
0.37988183185676366,8.994226511194165,0.0001531979942228645,0.08587832748889923,0.35132270688355227,8.331655816670594,0.00013102934462949634,0.0736917033791542
0.36991143861447623,8.927189354877157,0.0001452618307666853,0.084602952003479,0.3473171659310297,8.361456096822014,0.00012805855658371001,0.07421980053186417
0.3856888359935607,8.88726303278277,0.00015791747136972845,0.08384788036346436,0.3481256124056184,8.333762145135847,0.0001286553597310558,0.07372898608446121
0.3987575255553804,8.872584914303353,0.00016880054317880422,0.08357113599777222,0.33967022466730223,8.295491880948049,0.0001224816223839298,0.07305337488651276
0.4040221049981935,8.861118259513415,0.0001732870878186077,0.08335527032613754,0.3429389510536815,8.294191777897058,0.0001248503103852272,0.07303047925233841
0.3955330734662983,8.852820392058282,0.0001660816342337057,0.08319921791553497,0.3356812630988245,8.313782557158616,0.00011962177813984454,0.0733758732676506
0.3785342523894608,8.863761555959098,0.0001521130179753527,0.08340500295162201,0.3352781078693781,8.312014458035184,0.00011933461064472795,0.07334467768669128
0.35748826124352395,8.886330262799756,0.00013566869893111289,0.08383026719093323,0.33390673353975064,8.291077508234897,0.00011836037447210401,0.07297565042972565
0.34579255407501197,8.896819465766702,0.00012693672033492476,0.08402828872203827,0.3286942244852109,8.291714717655474,0.00011469386663520709,0.07298686355352402
0.3388385265883205,8.8959490182637,0.00012188258551759645,0.08401184529066086,0.33024011959352495,8.323936912315881,0.00011577526311157271,0.07355521619319916
0.3407615676576069,8.899967373563134,0.00012326997239142656,0.08408775925636292,0.3250958516834854,8.344674391385334,0.00011219640146009624,0.07392218708992004
0.3423615831494812,8.904791889961023,0.00012443029845599085,0.08417896181344986,0.3255438898186326,8.321989909405447,0.00011250589159317315,0.07352082431316376
0.3429739710555946,8.894079197724215,0.000124875848996453,0.08397652953863144,0.3225339061818773,8.288661188447444,0.00011043500126106665,0.07293311506509781
0.3369668338745566,8.87255137876079,0.00012053977116011083,0.08357050269842148,0.3212619062733254,8.29730625791861,0.00010956566984532401,0.07308533042669296
0.32952004152701153,8.855941295425763,0.00011527092283358797,0.08325789123773575,0.320399865587167,8.343326629298655,0.00010897848551394418,0.0738983005285263
0.31876783554816285,8.841743592105301,0.00010787109931698069,0.08299115300178528,0.31746501151608975,8.368321731013333,0.00010699115227907896,0.07434172928333282
0.3121270815680975,8.818729444408184,0.0001034234301187098,0.08255967497825623,0.31814407604334144,8.344124889166965,0.00010744931933004409,0.07391244173049927
0.30589741339991317,8.79390491601285,9.933621913660318e-05,0.08209553360939026,0.3149270224428537,8.313445302805231,0.0001052872758009471,0.07336992025375366
0.3061317303059044,8.780068314618912,9.948847582563758e-05,0.08183738589286804,0.31526783431169947,8.323616109843304,0.00010551526793278754,0.07354956120252609
0.30531914357245915,8.772524805737808,9.896099800243974e-05,0.08169683068990707,0.3132897173719462,8.359624156625648,0.00010419535101391375,0.07418728619813919
0.3080305924394541,8.762702658754444,0.00010072649456560612,0.08151400089263916,0.3125021815223843,8.372507208305347,0.0001036721805576235,0.07441610842943192
0.305712077601713,8.758170972118291,9.921586752170697e-05,0.08142969012260437,0.3116646688676916,8.354156062879674,0.00010311721416655928,0.07409027963876724
0.3046789534910686,8.7647567563815,9.854642121354118e-05,0.08155220746994019,0.3102004680293984,8.342893177857933,0.00010215062502538785,0.07389061897993088
0.2990415471708213,8.772828322990708,9.493341349298134e-05,0.08170247822999954,0.3099949087986186,8.357496046863549,0.0001020152703858912,0.07414951175451279
0.295511313529243,8.776486662648582,9.270523150917143e-05,0.0817706361413002,0.30820840606226174,8.371935383350033,0.0001008428298518993,0.07440595328807831
0.2906225224871297,8.782923637356122,8.966327732196078e-05,0.08189063519239426,0.30824670713140095,8.364862028034107,0.00010086787369800732,0.07428028434515
0.2884236699856538,8.792296713962038,8.83116081240587e-05,0.08206550776958466,0.30656752960403283,8.35526329954284,9.977193258237094e-05,0.07410990446805954
0.2867647944801936,8.795031827052542,8.729868568480015e-05,0.08211658149957657,0.3063429705936674,8.365458048827884,9.96258168015629e-05,0.07429086416959763
0.2859939915452717,8.791149057877048,8.683001942699775e-05,0.0820440873503685,0.30512657073936,8.380039805315478,9.883621532935649e-05,0.0745500773191452
0.28561746844038377,8.787980402136764,8.660155435791239e-05,0.08198495209217072,0.3045089761095339,8.373041180091953,9.843650332186371e-05,0.07442561537027359
0.2839882326979105,8.782714287249975,8.56163605931215e-05,0.08188671618700027,0.30365293875091454,8.355083868677603,9.788384340936318e-05,0.07410672307014465
0.2827568747682204,8.769409885713653,8.48755007609725e-05,0.08163882046937943,0.30281848354352675,8.356375867513389,9.734658669913188e-05,0.07412964850664139
0.27981050652770967,8.753636503680868,8.311589772347361e-05,0.08134540170431137,0.30216431628412677,8.375148031719956,9.692648745840415e-05,0.07446306943893433
0.2779800208617357,8.74031664591168,8.203197648981586e-05,0.0810980349779129,0.3011875504744805,8.379920994060697,9.63008205872029e-05,0.07454797625541687
0.2754663944846895,8.724235750408797,8.055513899307698e-05,0.0807998925447464,0.3007026792678047,8.36206376515975,9.599101031199098e-05,0.07423059642314911
0.27420342666111164,8.705076153031525,7.981817907420918e-05,0.08044538646936417,0.2996420776543627,8.348956251867982,9.531508112559095e-05,0.07399806380271912
0.2732361051851846,8.6900889977923,7.925599493319169e-05,0.08016862720251083,0.29920796955100515,8.357093456900149,9.503908950136974e-05,0.07414238154888153
0.27230308088989597,8.677831305375253,7.871565321693197e-05,0.07994261384010315,0.2982057935172079,8.367393113574254,9.440353460377082e-05,0.07432524114847183
0.271841144098039,8.663614273516188,7.84488147473894e-05,0.07968088984489441,0.2977202329177258,8.360247928283185,9.409633639734238e-05,0.07419835031032562
0.2703326928859827,8.65221677389899,7.758061838103458e-05,0.07947138696908951,0.2968157156928523,8.346784289976496,9.352544293506071e-05,0.07395955920219421
0.2690166730544037,8.645131817282117,7.68270983826369e-05,0.07934128493070602,0.2962889659381023,8.344960099953997,9.319380478700623e-05,0.07392724603414536
0.26726765963870747,8.636312391503264,7.583135447930545e-05,0.07917948067188263,0.29544847728509865,8.348746985800334,9.266581037081778e-05,0.07399435341358185
0.2654531287480091,8.627070523949326,7.480518979718909e-05,0.07901009917259216,0.294912628635192,8.343755486304376,9.232998127117753e-05,0.07390590012073517
0.2643027352707518,8.620722055308523,7.415823347400874e-05,0.07889387011528015,0.29413217327240265,8.334672082813297,9.184195369016379e-05,0.07374507188796997
0.2630655168907295,8.612374615690849,7.346558413701132e-05,0.078741155564785,0.29356288428928107,8.333389994110759,9.148679237114266e-05,0.07372238487005234
0.26233703970492256,8.601146497376726,7.305927283596247e-05,0.07853598147630692,0.2928570216436999,8.334437742165175,9.104735363507643e-05,0.07374092191457748
0.2617067505092662,8.591403710244464,7.270862988661975e-05,0.07835815846920013,0.29226499590567656,8.326297638256746,9.067960490938276e-05,0.07359696179628372
0.26078326012514935,8.580388672034827,7.2196387918666e-05,0.07815736532211304,0.29160756835067164,8.315340632321863,9.027212945511565e-05,0.07340338081121445
0.2600335768421446,8.566281117274624,7.17818911653012e-05,0.07790057361125946,0.2910158042139103,8.314372604657674,8.990609785541892e-05,0.0733862891793251
0.2590347850869901,8.553700178470372,7.123151590349153e-05,0.07767192274332047,0.29038003985858774,8.317558413026118,8.951370546128601e-05,0.07344254106283188
0.25800017548433146,8.541574120989377,7.066363468766212e-05,0.07745185494422913,0.28980582264144306,8.310725201891087,8.91600429895334e-05,0.07332192361354828
0.25726298810741016,8.527716830764442,7.026040111668408e-05,0.077200748026371,0.28919004513222607,8.29802711662961,8.87815622263588e-05,0.07309803366661072
0.2564831475546007,8.516307222528793,6.983509956626222e-05,0.07699431478977203,0.2886206239415659,8.293798993561724,8.843227260513231e-05,0.07302355021238327
0.25583593246576913,8.506814356909976,6.948309601284564e-05,0.07682276517152786,0.2880266936857405,8.295948961091737,8.806868572719395e-05,0.07306142896413803
0.25533558469179024,8.496732644799826,6.921156455064192e-05,0.076640784740448,0.2874697544939995,8.291575777971033,8.772843284532428e-05,0.07298441976308823
0.2546438068519504,8.48941188397301,6.883704918436706e-05,0.0765087753534317,0.2868878035087953,8.281656737505552,8.737359894439578e-05,0.07280990481376648
0.2538996768980911,8.483913683073157,6.843533628853038e-05,0.07640969008207321,0.28634679819291636,8.276623394356646,8.704437641426921e-05,0.07272142171859741
0.2531938977135927,8.477605602581999,6.805537123000249e-05,0.0762961134314537,0.28577010825970095,8.275136857759419,8.669411909068003e-05,0.0726953074336052
0.2523940759556436,8.473229831610663,6.762609700672328e-05,0.07621736824512482,0.2852513141768972,8.269456058497315,8.637963037472218e-05,0.07259552925825119
0.2516546033395394,8.469284209684668,6.723042315570638e-05,0.07614640891551971,0.2846818792958651,8.26262600293366,8.603512105764821e-05,0.07247566431760788
0.251082757829103,8.46371208762716,6.692521856166422e-05,0.07604625076055527,0.28417401127865155,8.26021706210472,8.572838851250708e-05,0.07243339717388153
0.25052483423941496,8.459145593086754,6.66281339363195e-05,0.07596419751644135,0.2836202246548493,8.25687330204807,8.539460395695642e-05,0.07237477600574493
0.24995815403719848,8.453755409862836,6.632704025832936e-05,0.0758674293756485,0.2831228208142219,8.248483691887378,8.509532199241221e-05,0.07222776859998703
0.24944380640341482,8.446732958277835,6.605434464290738e-05,0.07574142515659332,0.28258531202183945,8.24244806682319,8.477252413285896e-05,0.07212211936712265
0.2489019733475829,8.440607699532205,6.576770101673901e-05,0.07563162595033646,0.28209375602863307,8.241779740357916,8.447789150523022e-05,0.07211042195558548
0.2482999501829178,8.433327780660177,6.544994539581239e-05,0.0755012258887291,0.28157754210112296,8.237994619984084,8.416897617280483e-05,0.07204420119524002
0.24773709785603557,8.425538124534734,6.515355198644102e-05,0.07536179572343826,0.2810920165656831,8.229262210597115,8.38789637782611e-05,0.07189153879880905
0.24724686387226374,8.41897062990988,6.489594670711085e-05,0.07524436712265015,0.2805973932114901,8.22384984285298,8.358403283637017e-05,0.07179700583219528
0.2467727301422579,8.411500560233275,6.464728357968852e-05,0.07511090487241745,0.280114238331433,8.221881458449573,8.329645061166957e-05,0.07176263630390167
0.24630236487649138,8.404871263851343,6.44010870018974e-05,0.07499254494905472,0.2796455154660596,8.216587725009296,8.301789785036817e-05,0.07167025655508041
0.24585935995697664,8.399125153533943,6.416962423827499e-05,0.07489004731178284,0.27916685158927446,8.209976212609943,8.273395360447466e-05,0.07155496627092361
0.24542178647481802,8.392732437274042,6.394140655174851e-05,0.07477608323097229,0.27871598344069876,8.206260096593894,8.246691868407652e-05,0.07149020582437515
0.24495633231232133,8.387626581046986,6.369913171511143e-05,0.07468513399362564,0.27825110394823516,8.20135025444553,8.21920475573279e-05,0.07140468060970306
0.24448151250189748,8.38216264664231,6.34524185443297e-05,0.0745878592133522,0.27781008078913155,8.194178063612213,8.19317065179348e-05,0.0712798461318016
0.24403966723617285,8.376389573241854,6.322324043139815e-05,0.07448515295982361,0.2773655359012556,8.190054225718828,8.16697211121209e-05,0.07120811939239502
0.2436379178044234,8.371210408076545,6.301527173491195e-05,0.07439307123422623,0.276928254639738,8.1869357548,8.141239959513769e-05,0.0711539164185524
0.24325121807526556,8.364780396784232,6.281540117925033e-05,0.07427883893251419,0.27650541212034674,8.17984932609144,8.116397657431662e-05,0.07103078812360764
0.24286206193733556,8.358676774286238,6.261455564526841e-05,0.07417046278715134,0.27607607926887756,8.173134817893612,8.091213385341689e-05,0.07091420888900757
0.242473633232359,8.35209826757273,6.241445953492075e-05,0.07405377179384232,0.2756647274468245,8.169685376761668,8.067117596510798e-05,0.07085437327623367
0.24209281393293405,8.34491347298353,6.221854710020125e-05,0.0739264115691185,0.27525263907356673,8.164553102783033,8.043021080084145e-05,0.07076537609100342
0.24171857660012416,8.338358419399533,6.202633085194975e-05,0.07381032407283783,0.27484660150936563,8.157988731995601,8.019305823836476e-05,0.07065162807703018
0.2413487060257321,8.331046388259992,6.183663936099038e-05,0.07368092983961105,0.27445147384898305,8.15350412501285,7.996265776455402e-05,0.07057397812604904
0.240985943034582,8.32455098542178,6.16508987150155e-05,0.07356608659029007,0.274054485147303,8.148102765326197,7.973148603923619e-05,0.07048049569129944
0.24063532020681735,8.318069771828313,6.147161911940202e-05,0.07345157861709595,0.2736691855762089,8.141360200276397,7.950743747642264e-05,0.07036390155553818
0.2402965573726028,8.311836847225909,6.12986768828705e-05,0.07334154099225998,0.27328737770046074,8.137143494374845,7.928576815174893e-05,0.07029102742671967
0.23996425577310151,8.306402049169147,6.1129241657909e-05,0.07324565947055817,0.2729080797014193,8.1327060249094,7.906582322902977e-05,0.07021438330411911
0.23963300908672946,8.300633730306803,6.096059951232746e-05,0.07314395159482956,0.27253923009074765,8.125823932833049,7.885225204518065e-05,0.07009560614824295
0.2393021912191292,8.295799056294811,6.079239756218158e-05,0.07305878400802612,0.2721717010231191,8.120598172860088,7.863972859922796e-05,0.07000548392534256
0.2389756153891915,8.290445311288932,6.062659667804837e-05,0.07296451926231384,0.2718094450743206,8.116290779992461,7.843052298994735e-05,0.06993123143911362
0.23865755259842816,8.285594103087194,6.046532143955119e-05,0.07287915050983429,0.27145514571005863,8.110354325801005,7.822619954822585e-05,0.06982897222042084
0.23834927947933954,8.280406980970671,6.0309226682875305e-05,0.07278792560100555,0.27110254070089784,8.10551487185673,7.80230839154683e-05,0.06974567472934723
0.23804890921274097,8.275164055710665,6.015728649799712e-05,0.0726957842707634,0.27075553045497963,8.101001686984118,7.782348984619603e-05,0.0696680098772049
0.2377531970091952,8.26995885984066,6.000794019200839e-05,0.07260435819625854,0.2704151008459721,8.094840547005562,7.762791938148439e-05,0.06956207752227783
0.23746063069246717,8.264333122843732,5.986035102978349e-05,0.07250561565160751,0.2700769180654891,8.090169578632771,7.743386959191412e-05,0.06948181986808777
0.23717165385149955,8.259154356002165,5.971475547994487e-05,0.07241477817296982,0.2697438217265166,8.08625405101996,7.724298484390602e-05,0.06941458582878113
0.23688802521004124,8.2534070926918,5.957198663963936e-05,0.07231401652097702,0.2694166326766657,8.08067414370232,7.705571624683216e-05,0.06931882351636887
0.23661071653829047,8.248476754796249,5.943262294749729e-05,0.07222765684127808,0.26909198072244106,8.075994981814256,7.687012112000957e-05,0.0692385733127594
0.2363397264391557,8.242862272438064,5.929655526415445e-05,0.07212936133146286,0.2687715660358051,8.071747909768222,7.668718171771616e-05,0.06916575878858566
0.23607405885268246,8.238397010507224,5.916331065236591e-05,0.07205123454332352,0.2684567082008702,8.066550959658386,7.650758197996765e-05,0.06907672435045242
0.2358134237145461,8.232931803231468,5.9032747230958194e-05,0.07195566594600677,0.26814460656032135,8.062634843985023,7.632981578353792e-05,0.0690096765756607
0.23555993317551457,8.229044801477663,5.890591273782775e-05,0.07188773900270462,0.2678360913723567,8.058562980885272,7.615427603013813e-05,0.06893998384475708
0.23531895328502916,8.223403599499049,5.8785430155694485e-05,0.0717892199754715,0.2675323725657778,8.053421468610358,7.598165393574163e-05,0.06885205209255219
0.23510159874475517,8.220239308532982,5.867689833394252e-05,0.0717339739203453,0.2672319470072069,8.049599432604744,7.581108366139233e-05,0.06878671050071716
0.2349287643665656,8.213725944069314,5.8590663684299216e-05,0.07162033766508102,0.26693449087641835,8.045627652869182,7.564242696389556e-05,0.06871885061264038
0.23485040926803213,8.211886596996672,5.855158087797463e-05,0.07158828526735306,0.2666409920959002,8.041197082829294,7.547617860836908e-05,0.06864317506551743
0.23497291432944656,8.203182663487805,5.861267345608212e-05,0.07143659889698029,0.2663512399657131,8.037710952956772,7.531222945544869e-05,0.06858367472887039
0.2355823967689242,8.204610635560492,5.891714317840524e-05,0.07146146893501282,0.2660641406122712,8.033441266908422,7.514996832469478e-05,0.06851082295179367
0.237273539944024,8.190825973426191,5.976606553304009e-05,0.07122155278921127,0.26578031935576557,8.029315641321416,7.498970080632716e-05,0.06844048202037811
0.24170933711903278,8.200668810109665,6.20215869275853e-05,0.07139281928539276,0.26550009539615044,8.026131390353315,7.483167428290471e-05,0.06838621199131012
0.25120775728818223,8.175866634617444,6.699185905745253e-05,0.07096162438392639,0.26522284807149693,8.022087600203081,7.467545219697058e-05,0.06831731647253036
0.27099914549062937,8.203407733222821,7.796361023792997e-05,0.07144051790237427,0.264948193033978,8.01842332443625,7.452087447745726e-05,0.06825491040945053
0.2915670048650848,8.1667398981457,9.02469691936858e-05,0.07080329954624176,0.264676659124465,8.014992493776457,7.436821033479646e-05,0.06819652020931244
0.30329069888348376,8.201972110205084,9.765045979293063e-05,0.0714155063033104,0.2644082418695194,8.011028793883204,7.42174670449458e-05,0.06812908500432968
0.2678275651155338,8.187864339162163,7.614939386257902e-05,0.07117004692554474,0.2641424712573801,8.00793778484311,7.406832446577027e-05,0.06807652860879898
0.23369950066467418,8.182780762123384,5.797912672278471e-05,0.07108170539140701,0.263879157641214,8.004492928565622,7.392071711365134e-05,0.06801795959472656
0.24750094523153043,8.206851367168348,6.502941687358543e-05,0.0715005099773407,0.2636186616677348,8.000779590768552,7.377486326731741e-05,0.06795487552881241
0.269044865707107,8.181569521429514,7.684317824896425e-05,0.0710606575012207,0.2633609209719728,7.9977223014880146,7.363066833931953e-05,0.06790295243263245
0.2567727624048242,8.195696971737002,6.99928859830834e-05,0.07130628079175949,0.26310560383742604,7.994177845472843,7.348796498263255e-05,0.06784277409315109
0.2323914355693042,8.203101748478952,5.733187572332099e-05,0.07143519073724747,0.2628526039460053,7.991058359340931,7.334672409342602e-05,0.06778983771800995
0.24584682125870624,8.181550871210368,6.416306860046461e-05,0.07106033712625504,0.2626020840420142,7.987987798323312,7.320696022361517e-05,0.06773775815963745
0.25915704152478436,8.201332114340147,7.129877485567704e-05,0.071404367685318,0.26235403703033927,7.984457653834662,7.306871702894568e-05,0.06767788529396057
0.23980341612557596,8.197818689273813,6.104732165113091e-05,0.07134319841861725,0.2621082567398617,7.98157142941853,7.293188537005335e-05,0.06762897223234177
0.2332485707408909,8.184585168914001,5.775559475296177e-05,0.07111305743455887,0.2618646926490178,7.978385814044963,7.279641431523487e-05,0.06757500022649765
0.2483211862843652,8.203157086990817,6.5461135818623e-05,0.07143615186214447,0.2616231943169335,7.9753366811829745,7.266220200108364e-05,0.06752335280179977
0.2436607451127616,8.193464363525797,6.302705151028931e-05,0.07126743346452713,0.2613840667651645,7.972472992902428,7.252943032654002e-05,0.06747487932443619
0.2312578415829893,8.187856418917983,5.677393710357137e-05,0.0711699053645134,0.2611470169392561,7.969204280096612,7.239791739266366e-05,0.06741955876350403
0.23782002257932228,8.201733978042816,6.004168244544417e-05,0.0714113637804985,0.26091195055662014,7.966473422506593,7.226766319945455e-05,0.0673733651638031
0.24236660917777694,8.188357242813574,6.23593368800357e-05,0.0711786150932312,0.26067894443656775,7.963538286912366,7.2138624091167e-05,0.0673237219452858
0.23340622637533195,8.187929098518335,5.7833694881992415e-05,0.07117117941379547,0.2604478181644709,7.960641363174574,7.201077823992819e-05,0.06727474927902222
0.2318956283817123,8.195624826478255,5.7087519962806255e-05,0.07130502164363861,0.2602187628573665,7.957931055683488,7.188416202552617e-05,0.06722895801067352
0.23854133607322295,8.180537634158695,6.040645166649483e-05,0.0710427388548851,0.25999154040439115,7.954924913743736,7.175868086051196e-05,0.0671781674027443
0.23553375852893144,8.183455771509847,5.889281601412222e-05,0.07109341770410538,0.25976619863805317,7.952380312247097,7.16343565727584e-05,0.06713519245386124
0.2300257547098123,8.18512487541114,5.617059287033044e-05,0.0711224377155304,0.2595426706905137,7.949604326874226,7.151109457481652e-05,0.06708832830190659
0.23407769419981414,8.170806406441347,5.8166922826785594e-05,0.07087381929159164,0.25932084632767793,7.946924336798163,7.138893124647439e-05,0.06704310327768326
0.23582898385453818,8.175931022427728,5.90405470575206e-05,0.07096274942159653,0.2591007874360922,7.944338278368586,7.12678229319863e-05,0.06699948012828827
0.2306150198537074,8.172531305803357,5.645873534376733e-05,0.07090374827384949,0.2588825560774355,7.941600071033068,7.114782056305557e-05,0.06695329397916794
0.2304985625171522,8.161325329879745,5.64017282158602e-05,0.07070943713188171,0.2586659120444428,7.939223695562658,7.102879317244515e-05,0.06691323965787888
0.23391131787361968,8.167065928554003,5.8084275224246085e-05,0.07080894708633423,0.25845097464014044,7.936573845604808,7.091079896781594e-05,0.06686858087778091
0.2317671650514091,8.159602736732289,5.702427733922377e-05,0.07067959010601044,0.2582376327193754,7.934138509885177,7.079377974150702e-05,0.06682753562927246
0.22898158633649957,8.152697494720977,5.5661781516391784e-05,0.0705600157380104,0.25802587580203723,7.931645674939909,7.067772094160318e-05,0.06678555905818939
0.23084984806496583,8.156766327047901,5.657376459566876e-05,0.07063046097755432,0.2578156499959227,7.929191025098336,7.056258618831635e-05,0.06674423813819885
0.23179698735804288,8.146514109646645,5.703895294573158e-05,0.07045302540063858,0.2576069879718008,7.926914395417387,7.044844096526504e-05,0.06670591235160828
0.22940823257082224,8.143831467239291,5.586941188084893e-05,0.07040663063526154,0.25739979222329296,7.924421935554373,7.03351543052122e-05,0.06666397303342819
0.22859080618464062,8.144242257312879,5.547195178223774e-05,0.0704137310385704,0.2571941097471606,7.922200995665451,7.022279896773398e-05,0.06662660092115402
0.23020026360402646,8.133406764881942,5.6255834351759404e-05,0.07022649794816971,0.25698992968099593,7.919792789484403,7.01113385730423e-05,0.06658610701560974
0.23005558415147906,8.133910941370605,5.618516661343165e-05,0.07023520022630692,0.2567871395502038,7.9176235490704485,7.000072946539149e-05,0.0665496289730072
0.22823619059698885,8.129960643865429,5.5299980886047706e-05,0.07016699016094208,0.25658565553816287,7.915351785251072,6.989093526499346e-05,0.06651145219802856
0.22818252543635464,8.121416915768243,5.527399116544984e-05,0.07001959532499313,0.25638558243439924,7.913121309640336,6.978197052376345e-05,0.06647397577762604
0.2292392798099186,8.123041474436171,5.578714262810536e-05,0.07004760950803757,0.25618693808582155,7.910974108953907,6.967388617340475e-05,0.06643790751695633
0.22875900024155743,8.115634156443381,5.555361713049933e-05,0.06991991400718689,0.25598963850349976,7.908762415777752,6.956660945434123e-05,0.06640075892210007
0.22753980742893334,8.111349052991905,5.496305675478652e-05,0.06984610110521317,0.2557936139809102,7.9067373012499,6.946011126274243e-05,0.0663667544722557
0.22755773410400645,8.111262518922619,5.4971707868389785e-05,0.06984461843967438,0.2555988528769158,7.904529972471061,6.935436249477789e-05,0.0663297176361084
0.22820046692018106,8.102774401581824,5.528267502086237e-05,0.0696985125541687,0.2554053726675969,7.902545769862734,6.924942135810852e-05,0.06629641354084015
0.22790314030274736,8.102186835574374,5.513873111340217e-05,0.06968840211629868,0.2552131762661391,7.90040607615918,6.914522964507341e-05,0.06626052409410477
0.2270224522791408,8.098334586276925,5.47133749932982e-05,0.06962214410305023,0.255022164321188,7.898482657434586,6.904177280375734e-05,0.06622824817895889
0.22686716674386329,8.091791453579527,5.46385781490244e-05,0.06950969994068146,0.2548323394962048,7.896408771357711,6.893902900628746e-05,0.06619348376989365
0.22727597461894716,8.091911666833006,5.483564018504694e-05,0.06951174885034561,0.2546437629636973,7.894484378726519,6.883703463245183e-05,0.06616123020648956
0.2272031211467386,8.084901900017721,5.4800508223706856e-05,0.06939138472080231,0.2544563642980227,7.892488467305034,6.873576057842001e-05,0.06612776964902878
0.22660278915759788,8.082055793824502,5.4511303460458294e-05,0.06934253871440887,0.2542701021507176,7.890600344175588,6.863516318844631e-05,0.06609613448381424
0.2262482848418543,8.079626537794576,5.4340878705261275e-05,0.06930085271596909,0.25408500834440784,7.888681788106547,6.853527156636119e-05,0.06606399267911911
0.2263983756855466,8.072824417735706,5.4412994359154254e-05,0.06918422132730484,0.2539009533843207,7.886796864939426,6.843602022854611e-05,0.06603244692087173
0.2265190049875973,8.072233254002962,5.447099465527572e-05,0.06917408853769302,0.2537181010420631,7.884937132377338,6.8337467382662e-05,0.0660012885928154
0.22622671401339603,8.066550959658386,5.433050682768226e-05,0.06907672435045242,0.2535362775998362,7.883086881219531,6.823956937296316e-05,0.06597032397985458
0.2258084508489021,8.063080522795852,5.412979226093739e-05,0.06901730597019196,0.2533556029032787,7.881297666328397,6.814234075136483e-05,0.06594038009643555
0.22565918100817847,8.061055371878803,5.4058251407695934e-05,0.06898263841867447,0.25317591755518887,7.879459147990029,6.804572331020609e-05,0.06590961664915085
0.22574165881494865,8.054946554848446,5.409777440945618e-05,0.06887812912464142,0.25299731201131115,7.877718501666831,6.794974615331739e-05,0.06588049978017807
0.2257339437880259,8.05394012506214,5.4094074585009366e-05,0.06886091828346252,0.25281968541537747,7.87590118580251,6.785438017686829e-05,0.06585010141134262
0.22549331712282886,8.048794711848263,5.39788234164007e-05,0.06877295672893524,0.2526432020301426,7.874237265812515,6.775966176064685e-05,0.0658222958445549
0.22519670074114395,8.045521446384832,5.3836891311220825e-05,0.06871704012155533,0.2524675543872822,7.872413331539297,6.76655035931617e-05,0.0657917931675911
0.22504674372966837,8.043041315997316,5.37652122147847e-05,0.06867466121912003,0.25229302478133886,7.870827674628089,6.757195660611615e-05,0.06576529890298843
0.22504016365426804,8.037577114654853,5.376207991503179e-05,0.06858139485120773,0.2521194973270901,7.868960532113313,6.74790280754678e-05,0.06573410332202911
0.22502069543657038,8.036193988347927,5.375277396524325e-05,0.06855779141187668,0.2519468705931334,7.867528610638095,6.738667434547096e-05,0.06571017950773239
0.22487991459688728,8.030982105818962,5.3685544116888195e-05,0.06846889108419418,0.25177525000485457,7.865538226298024,6.729489541612566e-05,0.06567694246768951
0.22466088409250212,8.028391050902474,5.358100315788761e-05,0.06842472404241562,0.2516046376211422,7.864348701530698,6.72037058393471e-05,0.06565707921981812
0.22447165537848104,8.025094252178453,5.3490803111344576e-05,0.06836853176355362,0.2514350799427015,7.862060573409552,6.71131638227962e-05,0.06561887264251709
0.22437096257415892,8.020711790542853,5.344282544683665e-05,0.06829388439655304,0.2512665791047155,7.8613887808218985,6.70232402626425e-05,0.06560765206813812
0.22432593000336756,8.018919031824979,5.342136137187481e-05,0.06826335936784744,0.25109944878919893,7.858418279399736,6.693410250591114e-05,0.06555808335542679
0.22426481770569673,8.01390250513546,5.339225026546046e-05,0.0681779757142067,0.2509342410254818,7.858832581384867,6.684607797069475e-05,0.06556500494480133
0.22414795292828557,8.012103937748021,5.333664012141526e-05,0.06814737617969513,0.2507723263017399,7.854271143480629,6.675984332105145e-05,0.06548891216516495
0.22398756450062668,8.00784394048706,5.3260326239978895e-05,0.06807492673397064,0.25061659473013864,7.857181068426578,6.667694105999544e-05,0.06553744524717331
0.22382688638500872,8.004931360506834,5.3183932323008776e-05,0.06802541762590408,0.2504742861996764,7.848852921765065,6.660124199697748e-05,0.06539859622716904
0.22369865214560367,8.001950026314386,5.312300709192641e-05,0.067974753677845,0.250363086251299,7.8576978710382805,6.654211028944701e-05,0.06554606556892395
0.22360734086547218,7.997871115666499,5.307966421241872e-05,0.0679054781794548,0.25032589949176987,7.840132285578547,6.652233423665166e-05,0.065253347158432
0.22353453329856934,7.995791520378299,5.3045085223857313e-05,0.06787016242742538,0.2504719808825827,7.863716155152018,6.660001236014068e-05,0.06564650684595108
0.22345642563222928,7.991216606167029,5.300802513374947e-05,0.06779251992702484,0.25107151120542437,7.822956137593569,6.691921589663252e-05,0.06496773660182953
0.223359569884379,7.9893133788443205,5.296209565130994e-05,0.06776022911071777,0.2528301028240357,7.884013270707093,6.785996083635837e-05,0.06598582863807678
0.22324305723593257,7.9849812674974485,5.290685294312425e-05,0.0676867663860321,0.2573977515533697,7.785299817573613,7.033401197986677e-05,0.06434379518032074
0.22311637416963712,7.982686859056047,5.284682265482843e-05,0.06764787435531616,0.2688136430169261,7.937719146827145,7.671111961826682e-05,0.06688788533210754
0.2229899866674248,7.979005445108206,5.278697790345177e-05,0.06758549809455872,0.2930757200139667,7.716781797710531,9.118333400692791e-05,0.0632162094116211
0.22287180989967495,7.97609285621579,5.273105125525035e-05,0.06753616780042648,0.33743242938419504,8.02166960348898,0.00012087300274288282,0.06831018626689911
0.22276471658218958,7.973106719191412,5.268036329653114e-05,0.06748560816049576,0.38292789666219085,7.699264828153592,0.00015566455840598792,0.06292953342199326
0.22266745120868506,7.969619045366691,5.263435741653666e-05,0.06742657721042633,0.4001742639028319,7.995309169724609,0.00017000222578644753,0.06786197423934937
0.22257695542868758,7.96717705255554,5.2591607527574524e-05,0.06738526374101639,0.3360179760373282,7.855311410657023,0.00011986197205260396,0.06550626456737518
0.22249019855706098,7.963267156752589,5.2550614782376215e-05,0.06731913983821869,0.2557408152774036,7.8170814203494805,6.943141488591209e-05,0.0648702010512352
0.22240504097619967,7.961201042926779,5.2510386012727395e-05,0.06728420406579971,0.27565913265837017,7.990074915146804,8.066793816396967e-05,0.06777315586805344
0.22232031995646825,7.957005121996254,5.2470393711701035e-05,0.06721331179141998,0.325054218281354,7.848244887549153,0.00011216756684007123,0.06538845598697662
0.22223668136263525,7.955235169469379,5.243091800366528e-05,0.06718340516090393,0.3017472077021632,7.950422686010503,9.665897232480347e-05,0.06710214912891388
0.22215497324736702,7.950795730018381,5.2392388170119375e-05,0.06710844486951828,0.2503330277539694,7.9980151575225795,6.652611773461103e-05,0.06790791451931
0.22207804106966603,7.949370391674012,5.235610296949744e-05,0.06708439439535141,0.2843382481521609,7.863330732891995,8.582747977925465e-05,0.06564007699489594
0.22200865850070284,7.9445889273830685,5.232338298810646e-05,0.06700371205806732,0.3019104235263601,7.995438467363775,9.676369518274441e-05,0.06786415725946426
0.22195338691285096,7.943710660799523,5.2297331421868876e-05,0.06698889285326004,0.25638093278252017,8.038151844223943,6.977943849051371e-05,0.06859119981527328
0.22192004277155755,7.938293177105128,5.2281622629379854e-05,0.06689756363630295,0.265180959927021,7.939350302993475,7.465183443855494e-05,0.0669153705239296
0.2219271937619728,7.9383916879650585,5.228499503573403e-05,0.06689921021461487,0.28821829648619673,8.027965779579873,8.818593778414652e-05,0.06841746717691422
0.2220002767662093,7.931737775660873,5.2319435781100765e-05,0.06678710877895355,0.2566336208415433,8.039971154763778,6.991703412495553e-05,0.06862225383520126
0.22220061345307573,7.93368053905323,5.2413903176784515e-05,0.06681983917951584,0.2586349892362629,7.976102660671091,7.101176743162796e-05,0.06753633916378021
0.22261618370824518,7.9246214670940915,5.2610132115660235e-05,0.06666731834411621,0.2775379092295213,8.07465812030241,8.17711916170083e-05,0.06921564042568207
0.2234714625629645,7.930190197274048,5.3015173762105405e-05,0.0667610615491867,0.2546096009788669,8.074959523952833,6.881854642415419e-05,0.06922080367803574
0.22507151453969096,7.91647052187284,5.37770647497382e-05,0.0665302500128746,0.25584398470884495,7.990924455732676,6.948743248358369e-05,0.06778756529092789
0.2282599379939317,7.929328857730218,5.531150964088738e-05,0.0667465552687645,0.2699299365328972,8.068137393687465,7.734965038252994e-05,0.0691038966178894
0.2338694444620422,7.906915327582469,5.80634550715331e-05,0.06636974960565567,0.25228979106608046,8.084824519567944,6.757021765224636e-05,0.06939004361629486
0.24454168565560147,7.933869740706612,6.348365423036739e-05,0.06682302802801132,0.2538054045902105,8.019845189909665,6.838449189672247e-05,0.06827912479639053
0.2597217522765366,7.898248657021664,7.160980749176815e-05,0.06622433662414551,0.2638622020868843,8.071770594472142,7.39112583687529e-05,0.0691661536693573
0.2824448661890361,7.945512467140085,8.468830492347479e-05,0.06701929122209549,0.25052687141348357,8.066722621671113,6.662920350208879e-05,0.06907966732978821
0.2947953059956953,7.903785532555201,9.225650137523189e-05,0.06631721556186676,0.2520804859557533,8.007282756868118,6.745813880115747e-05,0.06806538999080658
0.29448070750166805,7.951869903037523,9.205975220538676e-05,0.06712657958269119,0.2594915248914646,8.06589643516047,7.148296572268009e-05,0.06906551122665405
0.25891590968306716,7.9362359429633145,7.116613414837047e-05,0.06686288863420486,0.24959976225537508,8.063313761016232,6.613696314161643e-05,0.06902129203081131
0.22493566778835358,7.9389440469477055,5.371216684579849e-05,0.06690852344036102,0.25012138519267746,7.9987152975420255,6.641366780968383e-05,0.06791981309652328
0.22761671844952583,7.963833597511167,5.500021870830096e-05,0.06732871383428574,0.25601639916003477,8.037448969511408,6.958118319744244e-05,0.06857919692993164
0.25226290089686104,7.933453827698909,6.755580398021266e-05,0.06681602448225021,0.24895619999331978,8.034521483039658,6.579635373782367e-05,0.06852926313877106
0.2597382753358509,7.964946242903573,7.16189606464468e-05,0.06734752655029297,0.2482025529028159,7.9925767313424325,6.539858441101387e-05,0.06781559437513351
0.23654588014834546,7.956999608736794,5.940003757132217e-05,0.06721320748329163,0.2531412042917622,8.02809407609483,6.802709685871378e-05,0.06841966509819031
0.22047512971175878,7.950671224028676,5.1603034080471843e-05,0.06710634380578995,0.24853310275025767,8.008359356327494,6.557293090736493e-05,0.06808368861675262
0.2325466366109028,7.976774117617117,5.740850974689238e-05,0.06754770874977112,0.24667312148198417,7.970184795386329,6.459511496359482e-05,0.06743615120649338
0.24412315306133325,7.956238023100152,6.326650327537209e-05,0.06720034778118134,0.2506272969414153,8.00938103921568,6.668267451459542e-05,0.06810106337070465
0.23559436698890468,7.973088059793929,5.892313492950052e-05,0.06748528778553009,0.24829214090187945,7.99324919061648,6.544582720380276e-05,0.0678270161151886
0.22108778726469913,7.979776808980473,5.189020521356724e-05,0.06759856641292572,0.24560069085208044,7.964745566308767,6.403467705240473e-05,0.06734412908554077
0.22576754967328955,7.963976339016708,5.411016900325194e-05,0.06733112782239914,0.2482274967291642,7.990179710229165,6.541176844621077e-05,0.0677749365568161
0.2359535148692663,7.984720420457506,5.910293111810461e-05,0.06768234819173813,0.2479354277625871,7.9668686983462615,6.525789649458602e-05,0.06738004833459854
0.2303275063464155,7.973720780382023,5.6318054703297094e-05,0.06749600172042847,0.24512170886242968,7.958693677589993,6.378515536198393e-05,0.06724183261394501
0.22067306111241242,7.969366311568253,5.169571522856131e-05,0.0674223005771637,0.24612082226512266,7.982860324467724,6.430617941077799e-05,0.06765081733465195
0.22353628315772783,7.981274146369846,5.304594014887698e-05,0.06762393563985825,0.24717172795409564,7.951336912589591,6.485649646492675e-05,0.06711757183074951
0.22995541673023617,7.962904996767752,5.613622852251865e-05,0.06731302291154861,0.24517350480751862,7.948657746635248,6.381213461281732e-05,0.06707236170768738
0.22694446987121866,7.969939977020196,5.467580558615737e-05,0.06743200868368149,0.244605049904057,7.96513398349331,6.35165415587835e-05,0.06735071539878845
0.22027562522715027,7.969805479272465,5.1509690820239484e-05,0.06742973625659943,0.2459033653486629,7.939805544530731,6.419261626433581e-05,0.06692305207252502
0.2219160894842899,7.956259598767408,5.2279756346251816e-05,0.06720071285963058,0.24531424910535293,7.948585518774242,6.388540350599214e-05,0.06707113981246948
0.22659193045101694,7.9677970765253265,5.450605749501847e-05,0.06739575415849686,0.2439189209417373,7.948146378450229,6.316069629974663e-05,0.06706373393535614
0.22453902428214806,7.957861308800714,5.352289372240193e-05,0.06722777336835861,0.24439150317924316,7.923866638586462,6.340567779261619e-05,0.06665462255477905
0.21997741790582406,7.954758511947326,5.1370312576182187e-05,0.06717535108327866,0.24491529775302706,7.941742491652001,6.367778405547142e-05,0.06695570051670074
0.22053741040192573,7.960944687650092,5.16321997565683e-05,0.0672798827290535,0.24391427037299343,7.933837285851603,6.315829523373395e-05,0.06682246923446655
0.22365739845491633,7.947004500041612,5.310341657605022e-05,0.0670444592833519,0.24329782353557367,7.917905636927796,6.283947732299566e-05,0.06655438244342804
0.22304324766773725,7.951398081174939,5.281219273456372e-05,0.06711861491203308,0.2438198041611435,7.930138726385974,6.310940079856664e-05,0.06676018238067627
0.21982818796513623,7.947380344465691,5.1300627092132345e-05,0.06705080717802048,0.24383541866297526,7.9131830146650834,6.311749166343361e-05,0.06647501140832901
0.2195294831500105,7.937226057957351,5.116131069371477e-05,0.06687957048416138,0.24302616575587593,7.913599993040684,6.269921868806705e-05,0.06648201495409012
0.22167110006361368,7.942494420574031,5.216439603827894e-05,0.0669683963060379,0.2427433234616652,7.919843364284102,6.25533502898179e-05,0.06658695638179779
0.22183577466160406,7.931378264175375,5.224192136665806e-05,0.06678106635808945,0.2430849444506831,7.898864915642399,6.272953760344535e-05,0.06623466312885284
0.21981592692289925,7.93002640324126,5.1294922741362825e-05,0.06675829738378525,0.24298019044932925,7.9062104356099985,6.267549906624481e-05,0.06635791063308716
0.2188323325801661,7.930084128396575,5.083689029561356e-05,0.06675927340984344,0.242393306225296,7.902498222044347,6.237309571588412e-05,0.06629560887813568
0.21994266479500668,7.919858536661034,5.135407263878733e-05,0.06658720970153809,0.2421716638740492,7.891786153735355,6.225906690815464e-05,0.06611600518226624
0.22078944518368374,7.923996620558779,5.175028127268888e-05,0.06665681302547455,0.24236008432262493,7.900465224848658,6.235599721549079e-05,0.06626150757074356
0.2198552666001639,7.916999595735556,5.1313272706465796e-05,0.06653914600610733,0.24228264108910666,7.885507506666601,6.231616862351075e-05,0.06601084023714066
0.21862916504102495,7.913477794139555,5.074254659120925e-05,0.06647996604442596,0.24186606765241883,7.88550194341858,6.210204446688294e-05,0.06601075828075409
0.21870368228739695,7.914603061422161,5.077714013168588e-05,0.06649887561798096,0.24161505727001256,7.88891703939415,6.197321636136621e-05,0.06606793403625488
0.2195133361430981,7.9051387443165435,5.115378007758409e-05,0.06633993238210678,0.24167237566228128,7.875702115200463,6.200261850608513e-05,0.06584677845239639
0.21960283822692628,7.906826797373401,5.119551133248024e-05,0.06636826694011688,0.24166110730490842,7.88156459824808,6.199684139573947e-05,0.0659448504447937
0.2187834526777166,7.900906049704046,5.0814189307857305e-05,0.0662689059972763,0.24139057836927835,7.872978071982915,6.185812526382506e-05,0.0658012330532074
0.21816638170066574,7.8961232584228975,5.052794949733652e-05,0.06618870049715042,0.24111525765370295,7.869009494517381,6.171709537738934e-05,0.06573491543531418
0.2183576539437535,7.896424713400016,5.061659248895012e-05,0.06619375199079514,0.2410446628655248,7.873785742742014,6.16809629718773e-05,0.06581474095582962
0.21880799614619462,7.888068360951306,5.0825583457481116e-05,0.06605372577905655,0.24105055106172635,7.861546969003595,6.168396794237196e-05,0.06561029702425003
0.21877749304344296,7.888978691962991,5.081142080598511e-05,0.06606897711753845,0.24092106254703388,7.8646705336294325,6.161772034829482e-05,0.0656624436378479
0.2182542087022412,7.883811743684858,5.056864756625146e-05,0.06598244607448578,0.2406830822834653,7.85951163019596,6.14960299571976e-05,0.06557632982730865
0.21783377149473876,7.880195236111128,5.037399387219921e-05,0.06592193990945816,0.24050917066965385,7.854483627548021,6.140719779068604e-05,0.06549244374036789
0.2178621581812981,7.879866050317561,5.0387130613671616e-05,0.06591642647981644,0.24045206302054078,7.858056869848639,6.13780357525684e-05,0.06555204838514328
0.21811262154364536,7.8729475465081284,5.050304753240198e-05,0.0658007338643074,0.2404019848802103,7.847399345206939,6.135247531346977e-05,0.06537435948848724
0.21817108593788279,7.87348826596987,5.0530121370684355e-05,0.06580977141857147,0.24026430920443217,7.849460179908348,6.128221866674721e-05,0.06540870666503906
0.21791157810136744,7.8678105551753665,5.040998803451657e-05,0.06571488827466965,0.24007605166025645,7.8452472853480995,6.118622695794329e-05,0.06533852219581604
0.2175761727839608,7.865165988652289,5.0254922825843096e-05,0.06567072123289108,0.23992849275634912,7.8408336309086355,6.11110299360007e-05,0.06526502221822739
0.21742689674491394,7.8629940490273205,5.018599404138513e-05,0.06563445180654526,0.23984761623285875,7.842649101418379,6.106985529186204e-05,0.0652952492237091
0.21749243975248267,7.857183738701224,5.021626202506013e-05,0.06553748995065689,0.2397769900301127,7.833697317337961,6.103387931943871e-05,0.06514626741409302
0.21759527984600707,7.857016480655677,5.026376311434433e-05,0.06553469598293304,0.23966262203355307,7.835945532538879,6.097567529650405e-05,0.06518366187810898
0.21756304854751513,7.851039948795822,5.024887650506571e-05,0.06543503701686859,0.23951027454226062,7.831262869493242,6.0898164520040154e-05,0.06510578840970993
0.21738588377230186,7.849983322223028,5.016706563765183e-05,0.06541742384433746,0.23936618763810594,7.828501678967544,6.0824924730695784e-05,0.06505988538265228
0.2171744675465421,7.846294583055242,5.00695314258337e-05,0.06535595655441284,0.239258902411022,7.8284407683319195,6.077042417018674e-05,0.0650588721036911
0.21704671399560435,7.842862386748888,5.00106398249045e-05,0.06529879570007324,0.2391745675520378,7.821616750943043,6.072758333175443e-05,0.06494550406932831
0.2170283396466016,7.841551453584855,5.0002177886199206e-05,0.06527696549892426,0.23908121247701006,7.824043473838676,6.068018410587683e-05,0.06498579680919647
0.21705849644708558,7.836446211210245,5.0016074965242296e-05,0.06519200652837753,0.23896259077636828,7.818453298133695,6.06199937465135e-05,0.0648929700255394
0.21705739803727322,7.835898067416983,5.001556928618811e-05,0.0651828795671463,0.23883009846439432,7.817827041270278,6.0552789364010096e-05,0.06488257646560669
0.2169845129899752,7.830854415949071,4.998197982786223e-05,0.06509899348020554,0.23870484425641675,7.815534566899839,6.048928844393231e-05,0.0648445338010788
0.21685883779244144,7.829388484143863,4.9924110498977825e-05,0.065074622631073,0.238598143806296,7.811551211918525,6.043522080290131e-05,0.06477846205234528
0.2167262056659302,7.825713191574753,4.9863054300658405e-05,0.06501355022192001,0.23850355565721518,7.812786127572885,6.038732681190595e-05,0.06479893624782562
0.21662722642792293,7.822685499030882,4.981751408195123e-05,0.06496325135231018,0.23840739866363264,7.807145381792962,6.033863974153064e-05,0.06470539420843124
0.2165735658347809,7.820625657129058,4.979283403372392e-05,0.0649290382862091,0.23830045560138113,7.807963282373739,6.0284510254859924e-05,0.06471895426511765
0.21655068724480714,7.816442852706652,4.978231663699262e-05,0.06485960632562637,0.23818370510973014,7.8035938004481356,6.0225454944884405e-05,0.06464653462171555
0.21653316542705486,7.8153898463818,4.977426215191372e-05,0.06484213471412659,0.23806561421625552,7.802727774950275,6.016575935063884e-05,0.06463219225406647
0.21649983823375957,7.810876540304607,4.9758953537093475e-05,0.0647672638297081,0.2379535234856129,7.801067073897973,6.010910146869719e-05,0.06460468471050262
0.21644322874687136,7.809933660520957,4.9732909246813506e-05,0.06475162506103516,0.2378496341436073,7.797399468833343,6.005664181429893e-05,0.0645439550280571
0.21636620264609155,7.80577200532536,4.9697533540893346e-05,0.06468264758586884,0.23775079968164536,7.797442276066171,6.000671783112921e-05,0.06454465538263321
0.21627980507813202,7.804254437747501,4.965785046806559e-05,0.06465749442577362,0.23765176736239496,7.792925428685979,5.995675383019261e-05,0.06446990370750427
0.21619426039254777,7.800791030289312,4.961858576280065e-05,0.06460011005401611,0.23754893790043552,7.7935784046460475,5.990489080431871e-05,0.06448070704936981
0.21611725760006695,7.798446099458668,4.9583239160710946e-05,0.06456128507852554,0.23744190628640485,7.789317166097584,5.9850885008927435e-05,0.06441020965576172
0.21605153018214873,7.795755003945607,4.955307667842135e-05,0.06451673805713654,0.23733251118121323,7.788677301705818,5.9795769629999995e-05,0.06439963728189468
0.21599639855303043,7.792690216670254,4.952778544975445e-05,0.06446601450443268,0.23722389007374634,7.785947553707386,5.97410362388473e-05,0.06435450911521912
0.21594901584165604,7.7906946674143835,4.9506059440318495e-05,0.06443300098180771,0.23711769365929883,7.784098276237338,5.9687590692192316e-05,0.06432393938302994
0.21590626416169734,7.787147340091175,4.94864652864635e-05,0.06437435001134872,0.23701473465216047,7.782844839620498,5.963576040812768e-05,0.06430321931838989
0.21586567846393895,7.785703066596551,4.9467867938801646e-05,0.06435046344995499,0.23691407382144256,7.779507484046528,5.958511246717535e-05,0.06424807757139206
0.21582574103937507,7.781844395987955,4.9449554353486747e-05,0.06428668648004532,0.23681446349930005,7.779216945045058,5.953502477495931e-05,0.06424328684806824
0.21578629687385484,7.780807053547917,4.943147723679431e-05,0.06426955759525299,0.23671466962363216,7.775557921774684,5.94848497712519e-05,0.06418286263942719
0.21574763114176854,7.776664884359671,4.941377119394019e-05,0.06420114636421204,0.2366138890106697,7.775643531195263,5.943421274423599e-05,0.06418427079916
0.2157115662307145,7.7759736950904275,4.939726568409242e-05,0.06418973207473755,0.23651207314618025,7.771877787934261,5.938308095210232e-05,0.06412211805582047
0.2156798134116415,7.771458359468896,4.938272468280047e-05,0.06411520391702652,0.2364094806962211,7.771589908808452,5.933157808613032e-05,0.06411738693714142
0.2156563908767627,7.7712173435211644,4.9371999921277165e-05,0.06411122530698776,0.23630676488265584,7.768484897647705,5.92800133745186e-05,0.06406615674495697
0.2156454214846956,7.766130703400177,4.9366972234565765e-05,0.0640273317694664,0.23620421731712307,7.767775546743101,5.922857599216513e-05,0.0640544518828392
0.21565651179608566,7.766669772997496,4.9372050852980465e-05,0.06403621286153793,0.23610222478736892,7.765211128857503,5.917744420003146e-05,0.06401216238737106
0.21570093642205293,7.760633987012343,4.9392390792490914e-05,0.06393672525882721,0.2360010011114288,7.763735504849313,5.912670894758776e-05,0.0639878362417221
0.21580511358951174,7.762584190710661,4.944009560858831e-05,0.06396886706352234,0.23590057886260027,7.76186668281899,5.907639206270687e-05,0.06395704299211502
0.21600262463098696,7.754854220232047,4.95306339871604e-05,0.06384152919054031,0.2358008247779257,7.759973323028959,5.902644625166431e-05,0.0639258474111557
0.2163741742128804,7.759348983198681,4.9701200623530895e-05,0.06391555070877075,0.23570168438788236,7.7585734045115125,5.897682058275677e-05,0.06390278041362762
0.21702411701682794,7.748503755908121,5.0000227929558605e-05,0.06373701244592667,0.2356030715027317,7.756084391803214,5.892747503821738e-05,0.06386178731918335
0.2182168167659035,7.757673832786375,5.0551312597235665e-05,0.06388795375823975,0.23550478114703197,7.7550994339353645,5.88783404964488e-05,0.06384556740522385
0.22026427701656803,7.741137205263377,5.1504372095223516e-05,0.06361588090658188,0.2354068849368428,7.752346544958178,5.88294024055358e-05,0.06380024552345276
0.22403749556528402,7.759095545885844,5.328407132765278e-05,0.06391137838363647,0.23530943877418728,7.7517282343291996,5.8780700783245265e-05,0.06379006803035736
0.23023623521077266,7.732644860544589,5.6273409427376464e-05,0.06347637623548508,0.2352124036234591,7.748480617113222,5.873222471564077e-05,0.06373663246631622
0.24128063445944667,7.766691138538668,6.180178752401844e-05,0.06403657048940659,0.2351158592159982,7.748228793632553,5.8684032410383224e-05,0.06373248994350433
0.2565691617642125,7.725754251046211,6.988191307755187e-05,0.06336329877376556,0.23501995674068787,7.744604632221313,5.8636160247260705e-05,0.06367287784814835
0.27935966372799054,7.7835270870470366,8.284830255433917e-05,0.06431449949741364,0.2349250379171216,7.744947693994766,5.858879376319237e-05,0.06367852538824081
0.29607791304697745,7.733034823126274,9.306104038842022e-05,0.06348278373479843,0.23483134189346339,7.740544857985537,5.854208939126693e-05,0.0636061355471611
0.3055798228638445,7.800418881637313,9.913009853335097e-05,0.06459394842386246,0.23473971917387088,7.741719898688282,5.849640365340747e-05,0.06362544745206833
0.2801212868093305,7.770344273072482,8.330059790750965e-05,0.06409682333469391,0.23465105329960345,7.7362450390798445,5.845224222866818e-05,0.06353548914194107
0.24005300762246592,7.794549690829644,6.117449083831161e-05,0.06449678540229797,0.23456746781757937,7.738969151261034,5.841058737132698e-05,0.06358024477958679
0.21531930656636886,7.811022809564888,4.9217778723686934e-05,0.0647696852684021,0.23449197075544817,7.731484722746751,5.837299977429211e-05,0.06345732510089874
0.23202477519958806,7.781178424306851,5.715109728043899e-05,0.06427568942308426,0.2344305846740944,7.73678224651756,5.834242983837612e-05,0.06354431807994843
0.25738782295679946,7.825517231479689,7.032862777123228e-05,0.06501028686761856,0.23439309527161759,7.725848065586038,5.832377792103216e-05,0.06336483359336853
0.2533394282061661,7.80036484280756,6.813361687818542e-05,0.06459305435419083,0.23439903930723105,7.735958299510641,5.832674651173875e-05,0.06353078782558441
0.2290521908348854,7.817774830602501,5.569612039835192e-05,0.06488171219825745,0.23448154094216472,7.718598275488815,5.8367815654492006e-05,0.06324596703052521
0.2149869788185668,7.835969873515504,4.9065954954130575e-05,0.0651840791106224,0.234708993082481,7.737543740094967,5.848108776262961e-05,0.06355682760477066
0.22843856816492167,7.814803371384237,5.539809717447497e-05,0.064832404255867,0.23519864793207595,7.7081240513889995,5.8725348935695365e-05,0.06307443976402283
0.2414481120555933,7.849985023046894,6.188761472003534e-05,0.06541745364665985,0.23620518726120604,7.744245546262757,5.922907803324051e-05,0.06366698443889618
0.23112526023018662,7.839377837504095,5.6708846386754885e-05,0.065240778028965,0.2381496144010901,7.691519578028093,6.020824730512686e-05,0.06280297785997391
0.2161337272670188,7.839374187949661,4.959078796673566e-05,0.06524072587490082,0.24200601853815512,7.761401004363652,6.217396003194153e-05,0.06394936144351959
0.2194397983599069,7.859178180391546,5.111952850711532e-05,0.06557075679302216,0.24915299131003277,7.663656085920837,6.590037810383365e-05,0.062348783016204834
0.2299379038043778,7.835692625317626,5.612769382423721e-05,0.06517945975065231,0.2629889651465634,7.800121296648639,7.342288154177368e-05,0.0645890161395073
0.22758025913828964,7.850108453280852,5.4982592700980604e-05,0.0654195100069046,0.28606486897136707,7.620660766627756,8.687297668075189e-05,0.06165115907788277
0.21664420758052602,7.848038553483469,4.982533573638648e-05,0.06538502126932144,0.32606697679985025,7.874268028513081,0.00011286760127404705,0.06582280248403549
0.216420370804917,7.83225797481996,4.972240640199743e-05,0.0651223361492157,0.3748065131432706,7.584292703943579,0.00014913191262166947,0.061064135283231735
0.22414800278762848,7.849809593272615,5.3336654673330486e-05,0.06541453301906586,0.4357355333587048,7.951570310193404,0.00020155872334726155,0.06712152808904648
0.22398050423967483,7.83455772841101,5.325696838553995e-05,0.0651605874300003,0.4519814003529258,7.642001599453177,0.00021686866239178926,0.0619969367980957
0.2169461466704419,7.836703718458319,4.996431016479619e-05,0.06519628316164017,0.42526979087624955,7.877644897019359,0.00019199294911231846,0.06587927043437958
0.2148488737709111,7.844736713491659,4.9002948799170554e-05,0.06533000618219376,0.31358902241973696,7.789807130044428,0.00010439440666232258,0.06441831588745117
0.2195298055689525,7.828358416399026,5.1161463488824666e-05,0.06505750119686127,0.2349960285089596,7.734085724940758,5.862422403879464e-05,0.06350002437829971
0.22122284789963942,7.839773682422316,5.195365520194173e-05,0.06524737924337387,0.2891936777789364,7.935934798541945,8.878383232513443e-05,0.06685780733823776
0.21685269642345936,7.832778126405103,4.992125468561426e-05,0.06513098627328873,0.3390151368738206,7.803432482068213,0.0001220095218741335,0.06464386731386185
0.21429401637780698,7.8239035426241745,4.8750152927823365e-05,0.06498348712921143,0.30684231242181015,7.8705034285457245,9.995094296755269e-05,0.06575987488031387
0.21686393113156327,7.831725368091691,4.99264569953084e-05,0.06511346995830536,0.23908331599644886,7.886477145026999,6.068123911973089e-05,0.06602708250284195
0.2187710394278171,7.8160001924762685,5.080841947346926e-05,0.0648522600531578,0.2747367238020974,7.787787575103818,8.012901525944471e-05,0.06438491493463516
0.21667300801136696,7.818082966088838,4.9838574341265485e-05,0.06488682329654694,0.31362810363921495,7.981051654785691,0.00010442058555781841,0.0676201730966568
0.2141471754489687,7.816350125516895,4.8683381464798003e-05,0.06485806405544281,0.27062404627995346,7.930730621430618,7.774800178594887e-05,0.06677015870809555
0.21494082078589674,7.8047312447941986,4.904489833279513e-05,0.06466539204120636,0.23969671513922977,7.811500668507415,6.099299935158342e-05,0.06477761268615723
0.21686261700998574,7.812136466151336,4.992584217689e-05,0.06478815525770187,0.28124966886288966,7.953072718240485,8.39731510495767e-05,0.06714688986539841
0.2163989478989787,7.802304871235867,4.971257658326067e-05,0.06462519615888596,0.282202920946466,7.9136522945578145,8.45433387439698e-05,0.06648288667201996
0.2144316535720868,7.801298121490493,4.8812809836817905e-05,0.06460851430892944,0.24320069768609104,7.9112120726687785,6.278931687120348e-05,0.06644189357757568
0.21386269342586647,7.803027216031664,4.855410224990919e-05,0.06463715434074402,0.24822361724328915,7.9646392391902605,6.540975300595164e-05,0.06734234094619751
0.2150265436227071,7.792088325501201,4.908402115688659e-05,0.06445606052875519,0.2714776648920289,7.8486295925284235,7.823912164894864e-05,0.06539486348628998
0.21568046112258957,7.79642144300156,4.9383019359083846e-05,0.06452777236700058,0.2559406209762375,7.923452126277542,6.953992124181241e-05,0.06664764881134033
0.21474478783238593,7.788617548960445,4.8955476813716814e-05,0.06439864635467529,0.23535492605757852,7.979875763808015,5.880343451281078e-05,0.06760023534297943
0.2136644159859677,7.784183056646022,4.846411684411578e-05,0.06432534009218216,0.2526590674342913,7.8623121472646575,6.776813097530976e-05,0.06562306731939316
0.21377943145843908,7.7851491450513235,4.851632547797635e-05,0.06434130668640137,0.2584723495917189,7.909603809798472,7.092256419127807e-05,0.06641488522291183
0.21453945110896094,7.774928455084938,4.8861882532946765e-05,0.06417246907949448,0.2395784759374616,7.908289227967297,6.093285992392339e-05,0.06639280915260315
0.21466667507400655,7.777434735074902,4.8919868277153e-05,0.06421385705471039,0.23728611563390406,7.862950143224487,5.977238470222801e-05,0.06563372164964676
0.2139605052931236,7.771560457657232,4.8598543799016625e-05,0.06411689519882202,0.2510403800604261,7.931902736681151,6.690267036901787e-05,0.0667899027466774
0.2133597533405292,7.767890952652137,4.832601916859858e-05,0.06405635178089142,0.24607998188802274,7.865206002013015,6.428480992326513e-05,0.06567138433456421
0.2134711897471465,7.768975929909406,4.837651795241982e-05,0.06407424807548523,0.2339077822571986,7.833388822101991,5.808251808048226e-05,0.06514113396406174
0.21390605381746958,7.760898924997248,4.8573801905149594e-05,0.063941091299057,0.23894145057579402,7.897486477580967,6.060929081286304e-05,0.06621154397726059
0.21397589616248008,7.762680262931222,4.860553235630505e-05,0.06397045403718948,0.24575408322210573,7.845659365542641,6.411464710254222e-05,0.06534537672996521
0.21356116570247635,7.756914315373409,4.8417299694847316e-05,0.06387545168399811,0.23966357020918747,7.8500673910759255,6.0976180975558236e-05,0.06541883200407028
0.21314852955215,7.753501101269837,4.823037306778133e-05,0.06381925195455551,0.23277616345300517,7.8487605774758515,5.752188735641539e-05,0.06539705395698547
0.21311820403923287,7.752641043267253,4.8216654249699786e-05,0.06380509585142136,0.23809878601754458,7.801615220114654,6.0182534070918337e-05,0.06461377441883087
0.213349818291865,7.74527005477766,4.83215153508354e-05,0.06368382275104523,0.2418954303279673,7.857518972336927,6.211709114722908e-05,0.06554308533668518
0.2134687727670011,7.746066171786509,4.837542655877769e-05,0.06369691342115402,0.23639946641032758,7.8335215228045545,5.932652493356727e-05,0.06514333933591843
0.21329739408211215,7.740019000914757,4.829777390114032e-05,0.06359750032424927,0.23238340428069085,7.793452855420886,5.732793579227291e-05,0.06447862833738327
0.21300392460733347,7.73821568545546,4.8164954932872206e-05,0.0635678619146347,0.2361513453957733,7.827676177721056,5.9202055126661435e-05,0.06504616886377335
0.2128402580385879,7.7362950879754075,4.8090965719893575e-05,0.06353631615638733,0.2384782898861421,7.802312449480998,6.0374510212568566e-05,0.0646253153681755
0.21288219925191773,7.731170175274422,4.810991958947852e-05,0.06345216929912567,0.23475547743207292,7.81777873421589,5.8504239859757945e-05,0.06488177925348282
0.21299486495541953,7.731662097207844,4.816084401682019e-05,0.06346024572849274,0.2318517359787466,7.8150877062073265,5.706591036869213e-05,0.06483712047338486
0.2130068190674078,7.725829055889736,4.816626460524276e-05,0.06336452811956406,0.23391796691740624,7.774460614988278,5.8087589422939345e-05,0.06416475027799606
0.21287857686519243,7.725222449201604,4.810828249901533e-05,0.06335458159446716,0.23600587864500552,7.814673037629827,5.912917185924016e-05,0.0648302435874939
0.21270049643176137,7.7213817233558295,4.8027832235675305e-05,0.06329159438610077,0.23370880176984424,7.803997815028696,5.798372149001807e-05,0.06465323269367218
0.2125894708770515,7.717942168553654,4.797771180165e-05,0.06323521584272385,0.23129598411662164,7.787061612203033,5.679265450453386e-05,0.06437291949987411
0.2125814450084281,7.716615204059325,4.797408473677933e-05,0.06321347504854202,0.2320365516622052,7.800102223435595,5.7156932598445565e-05,0.06458870321512222
0.21262285033321765,7.711410678000193,4.799277667189017e-05,0.06312823295593262,0.23375993928075353,7.775144579361883,5.800908911623992e-05,0.0641760379076004
0.21263520203189004,7.711124993762816,4.799834641744383e-05,0.06312356144189835,0.23290667741204757,7.80045727098576,5.758641054853797e-05,0.06459458917379379
0.21257896533927545,7.70635435802527,4.797294968739152e-05,0.06304547935724258,0.23096397502372626,7.79384075439279,5.662972034770064e-05,0.06448505073785782
0.21247489830027672,7.705217243674366,4.792600520886481e-05,0.06302687525749207,0.2306917614823558,7.766688682732328,5.649632657878101e-05,0.064036525785923
0.2123714994638251,7.702221180971465,4.7879377234494314e-05,0.0629778727889061,0.23190954786432671,7.788719422218078,5.7094373914878815e-05,0.0644003376364708
0.21230713036613574,7.699325026616198,4.785034616361372e-05,0.06293051689863205,0.23206292812771273,7.773838665449364,5.7169901992892846e-05,0.0641544908285141
0.2122863891492759,7.697964129131704,4.7840996558079496e-05,0.06290826946496964,0.23083504162912558,7.779434666429691,5.656653956975788e-05,0.06424688547849655
0.21228633650401527,7.693745626886831,4.784097836818546e-05,0.06283934414386749,0.22997689699934667,7.7751148963607815,5.614673500531353e-05,0.0641755610704422
0.21227776392659314,7.69299740120147,4.783711483469233e-05,0.06282712519168854,0.23038412415448228,7.7530550933970535,5.634574335999787e-05,0.06381191313266754
0.2122431893227636,7.68862658673727,4.782154064741917e-05,0.06275574862957001,0.23100792322101654,7.775276311643986,5.6651293562026694e-05,0.0641782134771347
0.2121843556745593,7.687477173810116,4.77950343338307e-05,0.06273698806762695,0.230633038623658,7.760838466847257,5.646755744237453e-05,0.06394009292125702
0.21211468740874495,7.683977265863978,4.7763642214704305e-05,0.06267987191677094,0.22978445880620307,7.754905378796187,5.6052791478578e-05,0.06384237110614777
0.21205014373045397,7.681923184798106,4.773457840201445e-05,0.06264637410640717,0.22942327722833947,7.755106812361941,5.5876724218251184e-05,0.0638456866145134
0.21200028875844112,7.679652977494252,4.7712142986711115e-05,0.06260935217142105,0.22979539361238785,7.740844733300015,5.605814294540323e-05,0.06361106783151627
0.21196615220561252,7.676709549464271,4.769677252625115e-05,0.06256136298179626,0.23002637012282182,7.756489897406201,5.617089118459262e-05,0.0638684630393982
0.21194219622222302,7.675381668988744,4.7686000471003354e-05,0.0625397264957428,0.2297127982240248,7.739122694502679,5.601785233011469e-05,0.06358277052640915
0.21192066340559632,7.671866298445295,4.767632344737649e-05,0.06248244643211365,0.22912686265988505,7.733164806283555,5.5732431064825505e-05,0.06348490715026855
0.21189517275389383,7.67090608340246,4.766484198626131e-05,0.062466811388731,0.22891656637542532,7.737125408614174,5.5630171118536964e-05,0.0635499656200409
0.21186225890782215,7.667239153952124,4.765002813655883e-05,0.06240709871053696,0.22907197505927457,7.72629169417683,5.570574285229668e-05,0.06337211281061172
0.2118221030693728,7.666161174971768,4.7631972847739235e-05,0.0623895563185215,0.2292242799571616,7.7340825189331905,5.577985575655475e-05,0.06349997967481613
0.21177680321131637,7.66273018769703,4.7611607442377135e-05,0.06233372539281845,0.22903751216181167,7.716763507188678,5.568898268393241e-05,0.06321590393781662
0.21172959345677866,7.661305031624681,4.759037619805895e-05,0.062310535460710526,0.22866681794836038,7.717361634215525,5.550885543925688e-05,0.06322570890188217
0.2116829803205055,7.658362272399531,4.756942507810891e-05,0.062262676656246185,0.22841360798261554,7.719741325195404,5.538600089494139e-05,0.06326470524072647
0.2116387508192473,7.656554422359878,4.754955443786457e-05,0.06223328411579132,0.22840251731719172,7.709433674676014,5.538062396226451e-05,0.06309587508440018
0.21159759306498702,7.654161814641548,4.753104440169409e-05,0.062194403260946274,0.228487901554624,7.712680422559793,5.542203507502563e-05,0.06314902007579803
0.21155937678512438,7.651999527655516,4.7513873141724616e-05,0.06215926632285118,0.22845277166394695,7.6991942244187,5.54049875063356e-05,0.06292837858200073
0.21152360164111136,7.650062271562831,4.749781874124892e-05,0.062127791345119476,0.22826346317008878,7.705444729475639,5.531320857699029e-05,0.06303058564662933
0.2114897052077684,7.647570365090711,4.7482601075898856e-05,0.062087323516607285,0.22801677344448687,7.701000733182699,5.519370824913494e-05,0.06295791268348694
0.2114571686808141,7.645953795049716,4.746798367705196e-05,0.06206108257174492,0.2278628848784589,7.693772648918227,5.511924246093258e-05,0.06283978372812271
0.21142551695210277,7.643162343102974,4.7453781007789075e-05,0.06201577186584473,0.227818133751552,7.6949825932613845,5.509758193511516e-05,0.06285955011844635
0.21139461825076625,7.641800678815569,4.743991667055525e-05,0.06199367716908455,0.22782904847404442,7.686629827609071,5.510286791832186e-05,0.06272315233945847
0.21136454340687924,7.638753275582646,4.742641613120213e-05,0.061944250017404556,0.22778803584133078,7.692970624380928,5.508303001988679e-05,0.06282667815685272
0.211335610065007,7.637683512828917,4.741343582281843e-05,0.06192689761519432,0.2276756956949995,7.682339804978064,5.502871499629691e-05,0.06265316158533096
0.2113084357321272,7.634387381907044,4.740122676594183e-05,0.06187345087528229,0.22750905866456184,7.682029204114698,5.494819561135955e-05,0.06264810264110565
0.21128400846287798,7.633720539161722,4.739028008771129e-05,0.06186264753341675,0.22736147880249363,7.679694205792469,5.487692033057101e-05,0.06261001527309418
0.21126382805072977,7.630071485592002,4.738121424452402e-05,0.06180351972579956,0.2272583207798769,7.676672032042846,5.4827141866553575e-05,0.06256075203418732
0.21125046154400667,7.629981993007784,4.737522976938635e-05,0.06180207431316376,0.22720739234246998,7.677331665936354,5.4802574595669284e-05,0.06257150322198868
0.21124769291379758,7.625710125984144,4.7374000132549554e-05,0.06173289194703102,0.22716807955362908,7.667839651629115,5.4783609812147915e-05,0.06241687387228012
0.21126282294704454,7.626510220414698,4.738077404908836e-05,0.06174584478139877,0.2271158596828133,7.6719172645538976,5.4758442274760455e-05,0.0624832846224308
